Date,HomeTeam,AwayTeam,FTHG,FTAG,FTR,Season,PreHomeElo,PreAwayElo,HomeFormGoalsScored,HomeFormGoalsConceded,HomeFormPoints,HomeRestDays,HomeGamesPlayedThisSeason,AwayFormGoalsScored,AwayFormGoalsConceded,AwayFormPoints,AwayRestDays,AwayGamesPlayedThisSeason,HomePromoted,AwayPromoted
2022-08-05,Crystal Palace,Arsenal,0,2,A,2022/23,1500.0,1500.0,1.4,1.4,1.35,7.0,0,1.4,1.4,1.35,7.0,0,False,False
2022-08-06,Fulham,Liverpool,2,2,D,2022/23,1500.0,1500.0,1.4,1.4,1.35,7.0,0,1.4,1.4,1.35,7.0,0,False,False
2022-08-06,Bournemouth,Aston Villa,2,0,H,2022/23,1500.0,1500.0,1.4,1.4,1.35,7.0,0,1.4,1.4,1.35,7.0,0,False,False
2022-08-06,Leeds,Wolves,2,1,H,2022/23,1500.0,1500.0,1.4,1.4,1.35,7.0,0,1.4,1.4,1.35,7.0,0,False,False
2022-08-06,Newcastle,Nott'm Forest,2,0,H,2022/23,1500.0,1500.0,1.4,1.4,1.35,7.0,0,1.4,1.4,1.35,7.0,0,False,False
2022-08-06,Tottenham,Southampton,4,1,H,2022/23,1500.0,1500.0,1.4,1.4,1.35,7.0,0,1.4,1.4,1.35,7.0,0,False,False
2022-08-06,Everton,Chelsea,0,1,A,2022/23,1500.0,1500.0,1.4,1.4,1.35,7.0,0,1.4,1.4,1.35,7.0,0,False,False
2022-08-07,Leicester,Brentford,2,2,D,2022/23,1500.0,1500.0,1.4,1.4,1.35,7.0,0,1.4,1.4,1.35,7.0,0,False,False
2022-08-07,Man United,Brighton,1,2,A,2022/23,1500.0,1500.0,1.4,1.4,1.35,7.0,0,1.4,1.4,1.35,7.0,0,False,False
2022-08-07,West Ham,Man City,0,2,A,2022/23,1500.0,1500.0,1.4,1.4,1.35,7.0,0,1.4,1.4,1.35,7.0,0,False,False
2022-08-13,Brentford,Man United,4,0,H,2022/23,1502.8012999960577,1487.1987000039423,2.0,2.0,1.0,6.0,1,1.0,2.0,0.0,6.0,1,False,False
2022-08-13,Wolves,Fulham,0,0,D,2022/23,1492.8012999960577,1497.1987000039423,1.0,2.0,0.0,7.0,1,2.0,2.0,1.0,7.0,1,False,False
2022-08-13,Southampton,Leeds,2,2,D,2022/23,1492.8012999960577,1507.1987000039423,1.0,4.0,0.0,7.0,1,2.0,1.0,3.0,7.0,1,False,False
2022-08-13,Arsenal,Leicester,4,2,H,2022/23,1512.8012999960577,1497.1987000039423,2.0,0.0,3.0,8.0,1,2.0,2.0,1.0,6.0,1,False,False
2022-08-13,Brighton,Newcastle,0,0,D,2022/23,1512.8012999960577,1507.1987000039423,2.0,1.0,3.0,6.0,1,2.0,0.0,3.0,7.0,1,False,False
2022-08-13,Aston Villa,Everton,2,1,H,2022/23,1492.8012999960577,1487.1987000039423,0.0,2.0,0.0,7.0,1,0.0,1.0,0.0,7.0,1,False,False
2022-08-13,Man City,Bournemouth,4,0,H,2022/23,1512.8012999960577,1507.1987000039423,2.0,0.0,3.0,6.0,1,2.0,0.0,3.0,7.0,1,False,False
2022-08-14,Nott'm Forest,West Ham,1,0,H,2022/23,1492.8012999960577,1487.1987000039423,0.0,2.0,0.0,8.0,1,0.0,2.0,0.0,7.0,1,False,False
2022-08-14,Chelsea,Tottenham,2,2,D,2022/23,1512.8012999960577,1507.1987000039423,1.0,0.0,3.0,8.0,1,4.0,1.0,3.0,8.0,1,False,False
2022-08-15,Liverpool,Crystal Palace,1,1,D,2022/23,1502.8012999960577,1487.1987000039423,2.0,2.0,1.0,9.0,1,0.0,2.0,0.0,10.0,1,False,False
2022-08-20,Leicester,Southampton,1,2,A,2022/23,1490.40842589807,1490.3861334587102,2.0,3.0,0.5,7.0,2,1.5,3.0,0.5,7.0,2,False,False
2022-08-20,Bournemouth,Arsenal,0,3,A,2022/23,1500.1479205774972,1519.59157410193,1.0,2.0,1.5,7.0,2,3.0,1.0,3.0,7.0,2,False,False
2022-08-20,Fulham,Brentford,3,2,H,2022/23,1499.8829560165664,1509.59157410193,1.0,1.0,1.0,7.0,2,3.0,1.0,2.0,7.0,2,False,False
2022-08-20,Everton,Nott'm Forest,1,1,D,2022/23,1480.1479205774972,1499.8520794225028,0.5,1.5,0.0,7.0,2,0.5,1.0,1.5,6.0,2,False,False
2022-08-20,Crystal Palace,Aston Villa,3,1,H,2022/23,1490.40842589807,1499.8520794225028,0.5,1.5,0.5,5.0,2,1.0,1.5,1.5,7.0,2,False,False
2022-08-20,Tottenham,Wolves,1,0,H,2022/23,1510.1479205774972,1490.1170439834336,3.0,1.5,2.0,6.0,2,0.5,1.0,0.5,7.0,2,False,False
2022-08-21,Leeds,Chelsea,3,0,H,2022/23,1509.6138665412898,1509.8520794225028,2.0,1.5,2.0,8.0,2,1.5,1.0,2.0,7.0,2,False,False
2022-08-21,West Ham,Brighton,0,2,A,2022/23,1480.1479205774972,1509.8520794225028,0.0,1.5,0.0,7.0,2,1.0,0.5,2.0,8.0,2,False,False
2022-08-21,Newcastle,Man City,3,3,D,2022/23,1510.1479205774972,1519.8520794225028,1.0,0.0,2.0,8.0,2,3.0,0.0,3.0,8.0,2,False,False
2022-08-22,Man United,Liverpool,2,1,H,2022/23,1480.40842589807,1499.59157410193,0.5,3.0,0.0,9.0,2,1.5,1.5,1.0,7.0,2,False,False
2022-08-27,Arsenal,Fulham,2,1,H,2022/23,1531.869498069231,1507.3411279187033,3.0,0.6666666666666666,3.0,7.0,3,1.6666666666666667,1.3333333333333333,1.6666666666666667,7.0,3,False,False
2022-08-27,Man City,Crystal Palace,4,2,H,2022/23,1522.394027574854,1497.859465617456,3.0,1.0,2.3333333333333335,6.0,3,1.3333333333333333,1.3333333333333333,1.3333333333333333,7.0,3,False,False
2022-08-27,Chelsea,Leicester,2,1,H,2022/23,1502.6470599224997,1477.6065346350135,1.0,1.6666666666666667,1.3333333333333333,6.0,3,1.6666666666666667,2.6666666666666665,0.3333333333333333,7.0,3,False,False
2022-08-27,Liverpool,Bournemouth,9,0,H,2022/23,1491.8766057360435,1487.8699966101963,1.3333333333333333,1.6666666666666667,0.6666666666666666,5.0,3,0.6666666666666666,2.3333333333333335,1.0,7.0,3,False,False
2022-08-27,Brentford,Everton,1,1,D,2022/23,1502.1334021997932,1477.8771067053665,2.6666666666666665,1.6666666666666667,1.3333333333333333,7.0,3,0.6666666666666666,1.3333333333333333,0.3333333333333333,7.0,3,False,False
2022-08-27,Southampton,Man United,0,1,A,2022/23,1503.1880247217666,1488.1233942639565,1.6666666666666667,2.3333333333333335,1.3333333333333333,7.0,3,1.0,2.3333333333333335,1.0,5.0,3,False,False
2022-08-27,Brighton,Leeds,1,0,H,2022/23,1521.8481924603773,1516.818886041293,1.3333333333333333,0.3333333333333333,2.3333333333333335,6.0,3,2.3333333333333335,1.0,2.3333333333333335,6.0,3,False,False
2022-08-28,Aston Villa,West Ham,0,1,A,2022/23,1492.401039703117,1468.1518075396227,1.0,2.0,1.0,8.0,3,0.0,1.6666666666666667,0.0,7.0,3,False,False
2022-08-28,Wolves,Newcastle,1,1,D,2022/23,1483.440623030899,1507.605972425146,0.3333333333333333,1.0,0.3333333333333333,8.0,3,1.6666666666666667,1.0,1.6666666666666667,7.0,3,False,False
2022-08-28,Nott'm Forest,Tottenham,0,2,A,2022/23,1502.1228932946335,1516.824341530032,0.6666666666666666,1.0,1.3333333333333333,8.0,3,2.3333333333333335,1.0,2.3333333333333335,8.0,3,False,False
2022-08-30,Crystal Palace,Brentford,1,1,D,2022/23,1491.2978513330634,1498.7020806989026,1.5,2.0,1.0,3.0,4,2.25,1.5,1.25,3.0,4,False,False
2022-08-30,Fulham,Brighton,2,1,H,2022/23,1500.7793564882263,1528.9140447076006,1.5,1.5,1.25,3.0,4,1.25,0.25,2.5,3.0,4,False,False
2022-08-30,Southampton,Chelsea,2,1,H,2022/23,1489.9921945153014,1509.1958395332758,1.25,2.0,1.0,3.0,4,1.25,1.5,1.75,3.0,4,False,False
2022-08-30,Leeds,Everton,1,1,D,2022/23,1509.7530337940696,1481.308428206257,1.75,1.0,1.75,3.0,4,0.75,1.25,0.5,3.0,4,False,False
2022-08-31,Liverpool,Newcastle,2,1,H,2022/23,1498.9693825781537,1509.7546547556346,3.25,1.25,1.25,4.0,4,1.5,1.0,1.5,3.0,4,False,False
2022-08-31,West Ham,Tottenham,1,1,D,2022/23,1481.5829496766141,1529.2312655766652,0.25,1.25,0.75,3.0,4,2.25,0.75,2.5,3.0,4,False,False
2022-08-31,Man City,Nott'm Forest,6,0,H,2022/23,1528.9556418592465,1489.7159692480002,3.25,1.25,2.5,4.0,4,0.5,1.25,1.0,3.0,4,False,False
2022-08-31,Bournemouth,Wolves,0,0,D,2022/23,1480.777219768086,1481.2919407004104,0.5,4.0,0.75,4.0,4,0.5,1.0,0.5,3.0,4,False,False
2022-08-31,Arsenal,Aston Villa,2,1,H,2022/23,1538.431269499708,1478.9698975661256,2.75,0.75,3.0,4.0,4,0.75,1.75,0.75,3.0,4,False,False
2022-09-01,Leicester,Man United,0,1,A,2022/23,1471.0577550242374,1501.3192244704217,1.5,2.5,0.25,5.0,4,1.0,1.75,1.5,5.0,4,False,False
2022-09-03,Everton,Liverpool,0,0,D,2022/23,1484.8456623015,1506.4565636939928,0.8,1.2,0.6,4.0,5,3.0,1.2,1.6,3.0,5,False,False
2022-09-03,Brentford,Leeds,5,2,H,2022/23,1501.305843885517,1506.2157996988267,2.0,1.4,1.2,4.0,5,1.6,1.0,1.6,4.0,5,False,False
2022-09-03,Chelsea,West Ham,2,1,H,2022/23,1501.4803120173663,1480.0874482139047,1.2,1.6,1.4,4.0,5,0.4,1.2,0.8,3.0,5,False,False
2022-09-03,Newcastle,Crystal Palace,0,0,D,2022/23,1502.2674736397955,1488.6940881464488,1.4,1.2,1.2,3.0,5,1.4,1.8,1.0,4.0,5,False,False
2022-09-03,Nott'm Forest,Bournemouth,2,3,A,2022/23,1483.5219939938622,1477.9895777257882,0.4,2.2,0.8,3.0,5,0.4,3.2,0.8,3.0,5,False,False
2022-09-03,Tottenham,Fulham,2,1,H,2022/23,1530.7267670393746,1508.7399097267003,2.0,0.8,2.2,3.0,5,1.6,1.4,1.6,4.0,5,False,False
2022-09-03,Wolves,Southampton,1,0,H,2022/23,1484.0795827427082,1497.707722031211,0.4,0.8,0.6,3.0,5,1.4,1.8,1.4,4.0,5,False,False
2022-09-03,Aston Villa,Man City,1,1,D,2022/23,1473.2623144416993,1535.1496171133845,0.8,1.8,0.6,3.0,5,3.8,1.0,2.6,3.0,5,False,False
2022-09-04,Man United,Arsenal,3,1,H,2022/23,1513.2999310359594,1544.1388526241342,1.0,1.4,1.8,3.0,5,2.6,0.8,3.0,4.0,5,False,False
2022-09-04,Brighton,Leicester,5,2,H,2022/23,1520.9534914691267,1459.0770484586997,1.2,0.6,2.0,5.0,5,1.2,2.2,0.2,3.0,5,False,False
2022-09-16,Aston Villa,Southampton,1,0,H,2022/23,1472.1697218797601,1490.1437269975177,1.0,1.6,0.8,13.0,6,1.2,1.2,1.4,13.0,6,False,False
2022-09-16,Nott'm Forest,Fulham,2,3,A,2022/23,1470.574617878161,1502.1134736316237,0.8,2.4,0.8,13.0,6,1.4,1.4,1.4,13.0,6,False,False
2022-09-17,Wolves,Man City,0,3,A,2022/23,1491.6435777764016,1536.2422096753237,0.4,0.4,1.2,14.0,6,3.6,1.2,2.2,14.0,6,False,False
2022-09-17,Newcastle,Bournemouth,1,1,D,2022/23,1499.1102338983872,1490.9369538414894,1.0,1.2,0.8,14.0,6,0.6,3.6,0.8,14.0,6,False,False
2022-09-17,Tottenham,Leicester,6,2,H,2022/23,1537.3532031344512,1453.425999720651,1.6,0.8,2.2,14.0,6,1.2,2.8,0.0,13.0,6,False,False
2022-09-18,Brentford,Arsenal,0,3,A,2022/23,1508.635282873455,1536.1035855887944,2.6,1.4,1.6,15.0,6,2.4,1.4,2.4,14.0,6,False,False
2022-09-18,Everton,West Ham,1,0,H,2022/23,1482.6269633520635,1473.4458526248236,0.8,1.0,0.8,15.0,6,0.6,1.2,0.8,15.0,6,False,False
2022-10-01,West Ham,Wolves,2,0,H,2022/23,1466.488824270977,1480.062377204241,0.6,1.2,0.8,13.0,7,0.4,1.0,1.0,14.0,7,False,False
2022-10-01,Southampton,Everton,1,2,A,2022/23,1482.4617170867386,1489.5839917059102,0.8,1.0,1.2,15.0,7,0.8,0.6,1.4,13.0,7,False,False
2022-10-01,Liverpool,Brighton,3,3,D,2022/23,1508.6752626434293,1526.6045402071754,2.6,0.8,1.6,28.0,6,1.8,0.8,2.0,27.0,6,False,False
2022-10-01,Fulham,Newcastle,1,4,A,2022/23,1514.0588308890683,1496.0936071122962,2.0,1.8,1.8,15.0,7,1.2,1.4,0.8,14.0,7,False,False
2022-10-01,Crystal Palace,Chelsea,1,2,A,2022/23,1491.8513278878572,1508.1219076064474,1.4,1.4,1.2,28.0,6,1.4,1.8,1.4,28.0,6,False,False
2022-10-01,Bournemouth,Brentford,0,0,D,2022/23,1493.9535806275803,1496.5774609724908,0.8,3.0,1.0,14.0,7,1.8,2.0,1.0,13.0,7,False,False
2022-10-01,Arsenal,Tottenham,3,1,H,2022/23,1548.1614074897586,1542.5040943718907,2.2,1.0,2.4,13.0,7,2.4,0.8,2.6,14.0,7,False,False
2022-10-02,Man City,Man United,6,3,H,2022/23,1547.8234102474842,1521.3351980712991,3.4,1.2,2.2,15.0,7,1.4,1.2,2.4,28.0,6,False,False
2022-10-02,Leeds,Aston Villa,0,0,D,2022/23,1498.8863607108888,1479.8517317905391,1.6,1.8,1.0,29.0,6,0.8,1.4,0.8,16.0,7,False,False
2022-10-03,Leicester,Nott'm Forest,4,0,H,2022/23,1448.2751084832114,1458.6292606207164,1.2,3.2,0.0,16.0,7,1.0,3.0,0.2,17.0,7,False,False
2022-10-08,Bournemouth,Leicester,2,1,H,2022/23,1491.2220218229454,1455.7506681095988,0.8,2.4,1.2,7.0,8,1.8,2.8,0.6,5.0,8,False,False
2022-10-08,Chelsea,Wolves,3,0,H,2022/23,1520.4862388420063,1472.4998600033293,1.4,1.6,1.8,7.0,7,0.4,1.2,1.0,7.0,8,False,False
2022-10-08,Man City,Southampton,4,0,H,2022/23,1554.3355380159514,1469.8503903741791,4.0,1.2,2.6,6.0,8,0.6,1.2,0.6,7.0,8,False,False
2022-10-08,Newcastle,Brentford,5,1,H,2022/23,1509.364195230255,1499.3090197771257,1.4,1.0,1.2,7.0,8,1.4,1.4,1.2,7.0,8,False,False
2022-10-08,Brighton,Tottenham,0,1,A,2022/23,1528.9237484515363,1535.454752677026,2.4,1.4,2.0,7.0,7,2.4,1.4,2.0,7.0,8,False,False
2022-10-09,Everton,Man United,1,2,A,2022/23,1502.1953184184697,1514.8230703028319,1.0,0.6,1.8,8.0,8,2.0,1.6,2.4,7.0,7,False,False
2022-10-09,Arsenal,Liverpool,3,2,H,2022/23,1555.2107491846234,1506.3560543990684,2.2,1.2,2.4,8.0,8,3.0,1.2,1.6,8.0,7,False,False
2022-10-09,Crystal Palace,Leeds,2,1,H,2022/23,1479.4869966522983,1495.5883128224511,1.4,1.6,1.0,8.0,7,1.2,1.4,1.0,7.0,7,False,False
2022-10-09,West Ham,Fulham,3,1,H,2022/23,1474.0513414718887,1500.7882427711095,1.0,0.8,1.4,8.0,8,1.6,2.2,1.2,8.0,8,False,False
2022-10-10,Nott'm Forest,Aston Villa,1,1,D,2022/23,1451.153700994329,1483.1497796789768,0.8,3.6,0.0,7.0,8,0.6,0.8,1.0,8.0,8,False,False
2022-10-14,Brentford,Brighton,2,0,H,2022/23,1492.3748020050402,1516.2965711392476,1.4,2.2,1.0,6.0,9,2.0,1.6,1.4,6.0,8,False,False
2022-10-15,Leicester,Crystal Palace,0,0,D,2022/23,1449.4635625851583,1487.1180664867468,1.8,2.8,0.6,7.0,9,1.2,1.6,1.0,6.0,8,False,False
2022-10-15,Fulham,Bournemouth,2,2,D,2022/23,1492.8662158875918,1497.5091273473859,1.6,2.4,1.2,6.0,9,1.2,0.8,1.8,7.0,9,False,False
2022-10-15,Wolves,Nott'm Forest,1,0,H,2022/23,1466.5190792641783,1449.2210088792756,0.2,1.6,0.8,7.0,9,1.0,3.4,0.2,5.0,9,False,False
2022-10-15,Tottenham,Everton,2,0,H,2022/23,1548.0819299893146,1489.7322476858806,2.2,1.4,2.0,7.0,9,1.0,0.8,1.6,6.0,9,False,False
2022-10-16,Liverpool,Man City,1,0,H,2022/23,1500.396207469027,1559.474155968203,3.2,1.4,1.6,7.0,8,4.0,0.8,2.6,8.0,9,False,False
2022-10-16,Man United,Newcastle,0,0,D,2022/23,1527.286141035421,1516.2984130023406,2.0,1.6,2.4,7.0,8,2.2,1.0,1.6,8.0,9,False,False
2022-10-16,Southampton,West Ham,1,1,D,2022/23,1464.7117724219277,1481.9733683554064,0.6,1.8,0.6,8.0,9,1.4,1.0,1.4,7.0,9,False,False
2022-10-16,Aston Villa,Chelsea,0,2,A,2022/23,1485.0824717940302,1526.4670195811573,0.8,0.8,1.2,6.0,9,2.0,1.0,2.4,8.0,8,False,False
2022-10-16,Leeds,Arsenal,0,1,A,2022/23,1487.9572429880027,1561.1705961146647,0.8,1.8,0.4,7.0,8,2.4,1.4,2.4,7.0,9,False,False
2022-10-18,Brighton,Nott'm Forest,0,0,D,2022/23,1508.4519395876105,1442.4744380365023,1.8,2.0,0.8,4.0,9,1.0,2.4,0.2,3.0,10,False,False
2022-10-18,Crystal Palace,Wolves,2,1,H,2022/23,1488.8934983423317,1473.2656501069516,0.8,0.8,1.2,3.0,9,0.4,1.6,1.2,3.0,10,False,False
2022-10-19,Bournemouth,Southampton,0,1,A,2022/23,1500.1868248789774,1462.3743885312222,1.6,1.2,1.8,4.0,10,0.4,1.8,0.2,3.0,10,False,False
2022-10-19,Brentford,Chelsea,0,0,D,2022/23,1500.2194335566774,1538.138281723708,1.6,2.0,1.4,5.0,10,2.0,0.8,2.4,3.0,9,False,False
2022-10-19,Liverpool,West Ham,1,0,H,2022/23,1509.2237927237513,1484.3107522461119,1.6,1.4,1.6,3.0,9,1.4,1.0,1.4,3.0,10,False,False
2022-10-19,Newcastle,Everton,1,0,H,2022/23,1519.38849340501,1483.9985271495648,2.0,0.6,1.8,3.0,10,0.8,1.0,1.4,4.0,10,False,False
2022-10-19,Man United,Tottenham,2,0,H,2022/23,1524.1960606327516,1553.8156505256304,1.8,1.6,2.0,3.0,9,2.4,1.2,2.4,4.0,10,False,False
2022-10-20,Fulham,Aston Villa,3,0,H,2022/23,1490.1885183560003,1473.4112096514796,1.6,2.6,0.8,5.0,10,0.6,0.8,1.2,4.0,10,False,False
2022-10-20,Leicester,Leeds,2,0,H,2022/23,1447.6881307295735,1477.1877852967623,1.8,2.6,0.8,5.0,10,0.8,1.8,0.4,4.0,9,False,False
2022-10-22,Chelsea,Man United,1,1,D,2022/23,1539.9063439757037,1532.1976106038883,1.8,0.4,2.6,3.0,10,2.0,1.6,2.0,3.0,10,False,False
2022-10-22,Man City,Brighton,3,1,H,2022/23,1550.6465707134787,1504.0077685602469,2.8,1.0,2.0,6.0,10,1.6,1.6,1.0,4.0,10,False,False
2022-10-22,Everton,Crystal Palace,3,0,H,2022/23,1477.709401860154,1495.6831206279533,0.8,1.2,1.2,3.0,11,1.0,0.8,1.6,4.0,10,False,False
2022-10-22,Nott'm Forest,Liverpool,1,0,H,2022/23,1446.918609063866,1515.775805003144,0.6,1.8,0.4,4.0,11,1.4,1.2,1.6,3.0,10,False,False
2022-10-23,Wolves,Leicester,0,4,A,2022/23,1466.47602782133,1455.686366780004,0.4,2.0,0.6,5.0,11,1.8,1.6,1.4,3.0,11,False,False
2022-10-23,Aston Villa,Brentford,4,0,H,2022/23,1466.6512300808504,1498.4513713046815,0.4,1.2,1.0,3.0,11,0.6,1.6,1.0,4.0,11,False,False
2022-10-23,Leeds,Fulham,2,3,A,2022/23,1469.1895492463318,1496.9484979266294,0.6,2.0,0.2,3.0,10,2.0,2.2,1.4,3.0,11,False,False
2022-10-23,Southampton,Arsenal,1,1,D,2022/23,1476.1452299598934,1571.940053805905,0.6,1.6,0.8,4.0,11,2.2,1.2,2.4,7.0,10,False,False
2022-10-23,Tottenham,Newcastle,1,2,A,2022/23,1545.8141005544937,1525.6776186944207,2.0,1.4,1.8,4.0,11,2.2,0.6,2.2,4.0,11,False,False
2022-10-24,West Ham,Bournemouth,2,0,H,2022/23,1477.7587399667193,1486.4159834503062,1.2,0.8,1.4,5.0,11,1.0,1.0,1.2,5.0,11,False,False
2022-10-29,Newcastle,Aston Villa,4,0,H,2022/23,1539.0039012769478,1474.7131096779983,2.4,0.6,2.6,6.0,12,1.0,1.2,1.0,6.0,12,False,False
2022-10-29,Fulham,Everton,0,0,D,2022/23,1508.9983072332973,1485.3914039719593,2.0,2.2,1.4,6.0,12,1.2,1.2,1.2,7.0,12,False,False
2022-10-29,Liverpool,Leeds,1,2,A,2022/23,1506.6697739974986,1457.139739939664,1.4,1.4,1.4,7.0,11,0.6,1.6,0.2,6.0,11,False,False
2022-10-29,Crystal Palace,Southampton,1,0,H,2022/23,1488.001118516148,1476.0242011707624,1.0,1.4,1.4,7.0,11,0.8,1.6,1.0,6.0,12,False,False
2022-10-29,Leicester,Man City,0,1,A,2022/23,1468.771289797345,1556.6599228411062,2.2,0.4,2.0,6.0,12,3.2,1.0,2.4,7.0,11,False,False
2022-10-29,Brentford,Wolves,1,1,D,2022/23,1490.3894917075336,1453.391104803989,0.6,1.8,1.0,6.0,12,0.4,2.2,0.6,6.0,12,False,False
2022-10-29,Bournemouth,Tottenham,2,3,A,2022/23,1478.9860955702954,1532.4878179719667,0.8,1.2,1.0,5.0,12,1.0,1.4,1.2,6.0,12,False,False
2022-10-29,Brighton,Chelsea,4,1,H,2022/23,1497.9944164326193,1536.901876073739,0.8,1.8,0.4,7.0,11,1.6,0.4,2.2,7.0,11,False,False
2022-10-30,Arsenal,Nott'm Forest,5,0,H,2022/23,1572.0610825950362,1456.0246400695112,2.2,0.8,2.6,7.0,11,0.4,1.2,1.0,8.0,12,False,False
2022-10-30,Man United,West Ham,1,0,H,2022/23,1535.202078505853,1485.18862784673,1.6,1.6,1.6,8.0,11,1.6,0.6,2.0,6.0,12,False,False
2022-11-05,Leeds,Bournemouth,4,3,H,2022/23,1471.1961452479973,1467.6557010867566,1.0,1.8,0.6,7.0,12,1.2,1.8,0.8,7.0,13,False,False
2022-11-05,Man City,Fulham,2,1,H,2022/23,1567.008374872112,1505.5834866334592,2.8,1.0,2.4,7.0,12,1.8,1.4,1.6,7.0,13,False,False
2022-11-05,Nott'm Forest,Brentford,2,2,D,2022/23,1451.5484604721403,1486.6387666403118,0.4,1.4,1.0,6.0,13,0.8,2.0,1.0,7.0,13,False,False
2022-11-05,Wolves,Brighton,2,3,A,2022/23,1457.1418298712108,1506.253933005439,0.6,2.0,0.8,7.0,13,1.0,1.4,0.8,7.0,12,False,False
2022-11-05,Everton,Leicester,0,2,A,2022/23,1488.8062245717974,1458.4228377663392,0.8,1.0,0.8,7.0,13,1.4,0.6,1.4,7.0,13,False,False
2022-11-06,West Ham,Crystal Palace,1,2,A,2022/23,1479.256650995092,1494.8853082586159,1.2,0.8,1.4,7.0,13,1.0,1.0,2.0,8.0,12,False,False
2022-11-06,Chelsea,Arsenal,0,1,A,2022/23,1528.6423595009194,1576.537262192407,1.4,1.0,1.6,8.0,12,2.6,0.8,2.6,7.0,12,False,False
2022-11-06,Aston Villa,Man United,3,1,H,2022/23,1469.1182377939026,1541.134055357491,1.0,2.0,0.8,8.0,13,1.2,0.4,2.2,7.0,12,False,False
2022-11-06,Southampton,Newcastle,1,4,A,2022/23,1469.1400114282944,1544.5987731610435,0.6,1.4,1.0,8.0,13,2.4,0.4,2.6,8.0,13,False,False
2022-11-06,Tottenham,Liverpool,1,2,A,2022/23,1543.8182124555055,1492.6133686891653,1.4,1.2,1.8,8.0,13,1.0,1.2,1.2,8.0,12,False,False
2022-11-12,Newcastle,Chelsea,1,0,H,2022/23,1555.3039543687942,1517.1537973782474,2.2,0.4,2.6,6.0,14,0.8,1.2,1.0,6.0,13,False,False
2022-11-12,Wolves,Arsenal,0,2,A,2022/23,1445.6875430418686,1588.025824315079,1.0,2.0,0.8,7.0,14,2.2,0.6,2.6,6.0,13,False,False
2022-11-12,Tottenham,Leeds,4,3,H,2022/23,1529.7216129936126,1478.30121015864,1.4,1.6,1.2,6.0,14,1.6,2.0,1.2,7.0,13,False,False
2022-11-12,West Ham,Leicester,0,2,A,2022/23,1466.874884203013,1472.008795753963,0.8,1.0,0.8,6.0,14,1.6,0.2,2.0,7.0,14,False,False
2022-11-12,Liverpool,Southampton,3,1,H,2022/23,1506.7099681510583,1458.4348302205437,1.0,0.8,1.8,6.0,13,0.8,1.4,1.0,6.0,14,False,False
2022-11-12,Man City,Brentford,1,2,A,2022/23,1572.6699682232654,1488.485580804304,2.0,0.6,2.4,7.0,13,1.0,1.4,1.2,7.0,14,False,False
2022-11-12,Nott'm Forest,Crystal Palace,1,0,H,2022/23,1449.7016463081482,1507.267075050695,0.6,1.6,1.0,7.0,14,1.0,1.0,2.0,6.0,13,False,False
2022-11-12,Bournemouth,Everton,3,0,H,2022/23,1460.5506361761138,1475.2202665841735,1.4,2.4,0.2,7.0,14,0.6,1.0,0.8,7.0,14,False,False
2022-11-13,Brighton,Aston Villa,1,2,A,2022/23,1517.7082198347812,1478.3145255510424,1.6,1.6,1.4,8.0,13,1.4,2.0,1.2,7.0,14,False,False
2022-11-13,Fulham,Man United,1,2,A,2022/23,1499.9218932823057,1531.9377676003512,1.8,1.2,1.6,8.0,14,1.0,0.8,1.6,7.0,13,False,False
2022-12-26,Arsenal,West Ham,3,1,H,2022/23,1596.8132269280095,1454.2103104656019,2.0,0.2,2.6,44.0,14,0.6,1.2,0.6,44.0,15,False,False
2022-12-26,Brentford,Tottenham,2,2,D,2022/23,1503.3403493069134,1535.6198517672178,1.0,1.6,1.2,44.0,15,1.8,2.2,1.2,44.0,15,False,False
2022-12-26,Crystal Palace,Fulham,0,3,A,2022/23,1498.4824030432883,1487.9897496550284,1.0,1.2,1.8,44.0,14,1.6,1.2,1.4,43.0,15,False,False
2022-12-26,Everton,Wolves,1,2,A,2022/23,1467.628053348125,1436.9001404289381,0.6,1.2,0.8,44.0,15,0.8,2.4,0.2,44.0,15,False,False
2022-12-26,Leicester,Newcastle,0,3,A,2022/23,1484.6733694913742,1561.5247777813117,2.0,0.2,2.4,44.0,15,2.4,0.4,3.0,44.0,15,False,False
2022-12-26,Southampton,Brighton,1,3,A,2022/23,1452.4610157133177,1503.898404799688,0.8,1.8,0.8,44.0,15,1.8,1.6,1.4,43.0,14,False,False
2022-12-26,Aston Villa,Liverpool,1,3,A,2022/23,1492.1243405861355,1512.6837826582844,1.8,1.8,1.8,43.0,15,1.4,1.0,1.8,44.0,14,False,False
2022-12-27,Man United,Nott'm Forest,3,0,H,2022/23,1543.8699112276286,1458.4863183155549,1.4,1.0,2.0,44.0,14,0.8,1.4,1.6,45.0,15,False,False
2022-12-27,Chelsea,Bournemouth,2,0,H,2022/23,1510.9329739657298,1468.1428494121624,0.4,1.4,0.4,45.0,14,1.6,2.0,0.6,45.0,15,False,False
2022-12-28,Leeds,Man City,1,3,A,2022/23,1472.4029713850348,1557.815199720656,2.2,2.6,1.2,46.0,14,1.4,1.0,1.8,46.0,14,False,False
2022-12-30,West Ham,Brentford,0,2,A,2022/23,1450.2429787365147,1501.4155113099798,0.8,1.6,0.6,4.0,16,1.4,2.0,1.2,4.0,16,False,False
2022-12-30,Liverpool,Leicester,2,1,H,2022/23,1524.9312358894313,1474.0080836089874,1.8,1.2,1.8,4.0,15,1.6,0.8,1.8,4.0,16,False,False
2022-12-31,Wolves,Man United,0,1,A,2022/23,1450.4947364596824,1548.9888060301132,1.0,2.2,0.8,5.0,16,1.6,1.0,2.0,4.0,15,False,False
2022-12-31,Bournemouth,Crystal Palace,0,2,A,2022/23,1462.0359196998504,1485.4052170860925,1.6,2.2,0.6,4.0,16,0.6,1.6,1.2,5.0,15,False,False
2022-12-31,Fulham,Southampton,2,1,H,2022/23,1501.0669356122241,1441.0723033639392,1.6,1.2,1.4,5.0,16,0.8,2.4,0.2,5.0,16,False,False
2022-12-31,Man City,Everton,1,1,D,2022/23,1568.234822983764,1454.0334573173807,2.0,1.0,2.4,3.0,15,0.8,1.4,0.8,5.0,16,False,False
2022-12-31,Newcastle,Leeds,0,0,D,2022/23,1572.1900636636985,1461.9833481219268,2.8,0.4,3.0,5.0,16,2.4,2.8,1.2,3.0,15,False,False
2022-12-31,Brighton,Arsenal,2,4,A,2022/23,1515.2871171490665,1600.7805586570967,2.4,1.8,1.8,5.0,15,2.4,0.4,2.6,5.0,15,False,False
2023-01-01,Nott'm Forest,Chelsea,1,1,D,2022/23,1453.3674235130702,1517.0399036780418,0.8,2.0,1.4,5.0,16,0.8,1.4,0.8,5.0,15,False,False
2023-01-01,Tottenham,Aston Villa,0,2,A,2022/23,1537.5446897641514,1479.8768873549886,2.2,2.2,1.4,6.0,16,2.0,1.8,1.8,6.0,16,False,False
2023-01-02,Brentford,Liverpool,3,1,H,2022/23,1512.8116990350015,1530.8413857504804,1.8,1.2,1.8,3.0,17,2.2,1.2,2.4,3.0,16,False,False
2023-01-03,Arsenal,Newcastle,0,0,D,2022/23,1611.1978485103189,1566.7839179234384,3.0,0.6,3.0,3.0,16,2.4,0.2,2.6,3.0,17,False,False
2023-01-03,Everton,Brighton,1,4,A,2022/23,1459.5204689797465,1504.8698272958443,0.4,1.6,0.4,3.0,17,2.6,2.0,1.8,3.0,16,False,False
2023-01-03,Leicester,Fulham,0,1,A,2022/23,1468.0979337479382,1506.7620064548184,1.0,1.2,1.2,4.0,17,1.4,1.0,1.4,3.0,17,False,False
2023-01-03,Man United,Bournemouth,3,0,H,2022/23,1559.032149920655,1449.865393762344,1.6,0.8,2.4,3.0,16,1.6,2.2,0.6,3.0,17,False,False
2023-01-04,Southampton,Nott'm Forest,0,1,A,2022/23,1435.377232521345,1452.3256271877253,0.8,2.6,0.0,4.0,17,0.8,2.2,1.0,3.0,17,False,False
2023-01-04,Leeds,West Ham,2,2,D,2022/23,1467.389493862187,1438.846791011493,2.0,2.2,1.4,4.0,16,0.4,2.0,0.0,5.0,17,False,False
2023-01-04,Aston Villa,Wolves,1,1,D,2022/23,1494.127099475633,1440.4513925691406,1.6,1.8,1.8,3.0,17,1.0,1.6,0.8,4.0,17,False,False
2023-01-04,Crystal Palace,Tottenham,0,4,A,2022/23,1497.575743023599,1523.294477643507,1.0,1.0,1.8,4.0,16,2.0,2.2,1.4,3.0,17,False,False
2023-01-05,Chelsea,Man City,0,1,A,2022/23,1518.0817000033867,1562.747811321398,0.8,1.4,0.8,4.0,16,1.6,1.0,2.0,5.0,16,False,False
2023-01-12,Fulham,Chelsea,2,1,H,2022/23,1518.5092820833454,1506.5023931440276,1.6,1.0,1.8,9.0,18,0.6,0.8,0.8,7.0,17,False,False
2023-01-13,Aston Villa,Leeds,2,1,H,2022/23,1489.971490739257,1463.8497898202968,1.8,1.2,2.0,9.0,18,2.0,2.4,1.0,9.0,17,False,False
2023-01-14,Man United,Man City,2,1,H,2022/23,1563.6472227124993,1574.3271181807572,2.0,0.8,2.4,11.0,17,1.6,1.0,2.0,9.0,17,False,False
2023-01-14,Brighton,Liverpool,3,0,H,2022/23,1516.4299532905145,1523.1578592495416,2.6,2.0,1.8,11.0,17,2.2,1.4,2.4,12.0,17,False,False
2023-01-14,Everton,Southampton,1,2,A,2022/23,1447.9603429850763,1423.0313282746201,0.6,2.4,0.2,11.0,18,0.8,2.6,0.0,10.0,18,False,False
2023-01-14,Nott'm Forest,Leicester,2,0,H,2022/23,1464.6715314344501,1456.3506581194113,1.0,1.2,1.6,10.0,18,1.0,1.2,1.2,11.0,18,False,False
2023-01-14,Wolves,West Ham,1,0,H,2022/23,1444.6070013055166,1442.3864950533832,1.0,1.6,0.8,10.0,18,0.8,2.2,0.2,10.0,18,False,False
2023-01-14,Brentford,Bournemouth,2,0,H,2022/23,1520.4952255359403,1445.2503209704996,2.2,1.2,2.2,12.0,18,1.2,2.2,0.6,11.0,18,False,False
2023-01-15,Chelsea,Crystal Palace,1,0,H,2022/23,1499.6189822838417,1485.4697472492176,0.8,1.0,0.8,3.0,18,0.8,1.8,1.2,11.0,17,False,False
2023-01-15,Newcastle,Fulham,1,0,H,2022/23,1570.7165693576105,1525.3926929435313,1.6,0.2,2.2,12.0,18,1.8,0.8,2.4,3.0,19,False,False
2023-01-15,Tottenham,Arsenal,0,2,A,2022/23,1535.4004734178884,1607.2651970761467,2.2,1.8,1.4,11.0,18,2.0,0.6,2.6,12.0,17,False,False
2023-01-18,Crystal Palace,Man United,1,1,D,2022/23,1478.6419013031584,1571.1315625700222,0.4,1.8,0.6,3.0,18,2.2,0.4,3.0,4.0,18,False,False
2023-01-19,Man City,Tottenham,4,2,H,2022/23,1566.8427783232344,1524.5924405855665,1.4,1.2,1.4,5.0,18,2.0,1.8,1.4,4.0,19,False,False
2023-01-21,Crystal Palace,Newcastle,0,0,D,2022/23,1478.4257700410647,1576.7618009404966,0.6,1.8,0.8,3.0,19,1.0,0.0,2.2,6.0,19,False,False
2023-01-21,Southampton,Aston Villa,0,1,A,2022/23,1436.4797211032399,1496.4928876390966,1.0,2.0,0.6,7.0,19,1.6,1.2,2.0,8.0,19,False,False
2023-01-21,West Ham,Everton,2,0,H,2022/23,1435.2465850016722,1434.5119501564566,0.6,2.0,0.2,7.0,19,0.8,2.4,0.2,7.0,19,False,False
2023-01-21,Bournemouth,Nott'm Forest,1,1,D,2022/23,1439.9059896260983,1471.6510436443682,0.6,1.8,0.6,7.0,19,1.0,0.8,2.0,7.0,19,False,False
2023-01-21,Liverpool,Chelsea,0,0,D,2022/23,1515.7797596488783,1506.4468282299008,1.8,1.8,1.8,7.0,18,1.0,0.8,1.4,6.0,19,False,False
2023-01-21,Leicester,Brighton,2,2,D,2022/23,1449.3711459094932,1523.8080528911778,0.6,1.6,0.6,7.0,19,2.6,1.6,1.8,7.0,18,False,False
2023-01-22,Leeds,Brentford,0,0,D,2022/23,1457.3283929204572,1525.8395568803417,1.4,2.2,0.4,9.0,18,2.2,0.8,2.6,8.0,19,False,False
2023-01-22,Man City,Wolves,3,0,H,2022/23,1572.9628976328854,1451.7469113572276,2.0,1.2,2.0,3.0,19,0.8,1.0,1.4,8.0,19,False,False
2023-01-22,Arsenal,Man United,3,2,H,2022/23,1618.0732299084686,1571.347693832116,2.2,0.6,2.6,7.0,18,2.0,0.4,2.6,4.0,19,False,False
2023-01-23,Fulham,Tottenham,0,1,A,2022/23,1519.3474613606452,1518.4723212759154,1.6,0.6,2.4,8.0,20,1.6,2.0,0.8,4.0,20,False,False
2023-02-03,Chelsea,Fulham,0,0,D,2022/23,1509.4937644746155,1506.5229658411204,0.6,0.8,1.0,13.0,20,1.0,0.8,1.8,11.0,21,False,False
2023-02-04,Newcastle,West Ham,1,1,D,2022/23,1576.8096934548996,1442.4258113464734,0.8,0.0,1.8,14.0,20,1.0,1.6,0.8,14.0,20,False,False
2023-02-04,Wolves,Liverpool,3,0,H,2022/23,1447.373469426507,1512.7328234041636,0.8,1.2,1.4,13.0,20,1.2,1.6,1.4,14.0,19,False,False
2023-02-04,Man United,Crystal Palace,2,1,H,2022/23,1565.33644113614,1478.3778775266617,1.8,1.0,2.0,13.0,20,0.6,1.2,1.0,14.0,20,False,False
2023-02-04,Brighton,Bournemouth,1,0,H,2022/23,1524.5424930332376,1437.9663432906257,2.8,1.6,2.0,14.0,19,0.2,2.0,0.2,14.0,20,False,False
2023-02-04,Brentford,Southampton,3,0,H,2022/23,1526.743404997608,1425.3338624139756,1.8,0.6,2.2,13.0,20,0.8,1.6,0.6,14.0,20,False,False
2023-02-04,Aston Villa,Leicester,2,4,A,2022/23,1507.6387463283609,1448.6367057674333,1.4,1.0,2.0,14.0,20,0.6,2.0,0.2,14.0,20,False,False
2023-02-04,Everton,Arsenal,1,0,H,2022/23,1427.3327238116553,1624.0844826044447,0.8,2.2,0.2,14.0,20,2.4,1.0,2.6,13.0,19,False,False
2023-02-05,Nott'm Forest,Leeds,1,0,H,2022/23,1473.5906899798408,1456.4245448031909,1.0,1.0,1.6,15.0,20,0.8,1.4,0.6,14.0,19,False,False
2023-02-05,Tottenham,Man City,1,0,H,2022/23,1531.2968167954402,1577.336339563606,1.4,1.6,1.2,13.0,21,2.0,1.0,2.0,14.0,20,False,False
2023-02-08,Man United,Leeds,2,2,D,2022/23,1570.4208813781004,1449.674578345211,2.0,1.2,2.0,4.0,21,0.6,1.0,0.6,3.0,20,False,False
2023-02-11,Southampton,Wolves,1,2,A,2022/23,1420.558359629418,1456.3797222032185,0.6,1.6,0.6,7.0,21,1.0,1.0,1.4,7.0,21,False,False
2023-02-11,Leicester,Tottenham,4,1,H,2022/23,1462.9183317843747,1539.7560778119823,1.4,1.8,0.8,7.0,21,1.6,1.2,1.8,6.0,22,False,False
2023-02-11,Fulham,Nott'm Forest,2,0,H,2022/23,1509.402872161812,1480.3406564378206,0.6,0.6,1.4,8.0,22,1.2,0.4,2.2,6.0,21,False,False
2023-02-11,Bournemouth,Newcastle,1,1,D,2022/23,1432.8735513099698,1570.929645072896,0.2,1.8,0.2,7.0,21,0.4,0.2,1.4,7.0,21,False,False
2023-02-11,Arsenal,Brentford,1,1,D,2022/23,1611.3695616421394,1531.5189077821656,1.8,1.0,2.0,7.0,20,2.0,0.2,2.6,7.0,21,False,False
2023-02-11,West Ham,Chelsea,1,1,D,2022/23,1448.3058597284771,1506.613858153924,1.0,1.2,1.0,7.0,21,0.4,0.6,1.0,8.0,21,False,False
2023-02-11,Crystal Palace,Brighton,1,1,D,2022/23,1473.2934372847012,1529.6352850138935,0.4,1.6,0.4,7.0,21,2.4,1.4,2.0,7.0,20,False,False
2023-02-12,Leeds,Man United,0,2,A,2022/23,1455.2918905470926,1564.8035691762188,1.0,1.4,0.6,4.0,21,1.8,1.6,1.6,4.0,22,False,False
2023-02-12,Man City,Aston Villa,3,1,H,2022/23,1568.877078547064,1493.3571203114195,1.8,1.0,1.8,7.0,21,1.6,1.2,2.0,8.0,21,False,False
2023-02-13,Liverpool,Everton,2,0,H,2022/23,1503.726570627452,1440.0476447739607,0.6,2.0,0.8,9.0,20,0.8,1.8,0.8,9.0,21,False,False
2023-02-15,Arsenal,Man City,1,3,A,2022/23,1606.610705363359,1574.2152114567855,1.2,0.8,1.6,4.0,21,2.2,1.2,1.8,3.0,22,False,False
2023-02-18,Newcastle,Liverpool,0,2,A,2022/23,1569.8386622726766,1509.335647003768,0.6,0.4,1.4,7.0,22,0.6,1.8,0.8,5.0,21,False,False
2023-02-18,Wolves,Bournemouth,0,1,A,2022/23,1468.2062046686099,1433.964534110189,1.4,1.0,2.0,7.0,22,0.4,1.6,0.4,7.0,22,False,False
2023-02-18,Everton,Leeds,1,0,H,2022/23,1434.4385683976448,1445.5655902898782,0.6,2.0,0.6,5.0,22,0.6,1.4,0.4,6.0,22,False,False
2023-02-18,Nott'm Forest,Man City,1,1,D,2022/23,1473.8934328238702,1587.8515302926685,1.0,0.6,2.0,7.0,22,2.6,1.0,2.4,3.0,23,False,False
2023-02-18,Brighton,Fulham,0,1,A,2022/23,1530.8852953411433,1515.8500957757624,2.2,0.8,2.2,7.0,21,0.8,0.6,1.4,7.0,23,False,False
2023-02-18,Brentford,Crystal Palace,1,1,D,2022/23,1536.2777640609459,1472.0434269574514,1.8,0.4,2.2,7.0,22,0.6,1.0,0.6,7.0,22,False,False
2023-02-18,Aston Villa,Arsenal,2,4,A,2022/23,1488.018987401698,1592.974386527476,1.4,1.8,1.4,6.0,22,1.4,1.4,1.4,3.0,22,False,False
2023-02-18,Chelsea,Southampton,0,1,A,2022/23,1507.8081235161017,1408.7318771640266,0.6,0.6,1.2,7.0,22,0.6,1.6,0.6,7.0,22,False,False
2023-02-19,Man United,Leicester,3,0,H,2022/23,1574.5298694334333,1472.252654411956,1.8,1.4,1.6,7.0,23,2.0,1.6,1.4,8.0,22,False,False
2023-02-19,Tottenham,West Ham,2,0,H,2022/23,1530.421755184401,1447.1115943662994,1.0,2.0,1.2,8.0,23,1.2,1.0,1.2,8.0,22,False,False
2023-02-24,Fulham,Wolves,1,1,D,2022/23,1529.0451653884809,1454.5238641933972,0.6,0.4,1.4,6.0,24,1.2,1.0,1.8,6.0,23,False,False
2023-02-25,Crystal Palace,Liverpool,0,0,D,2022/23,1476.4472454012225,1523.6524893434942,0.8,1.0,0.8,7.0,23,0.8,1.2,1.4,7.0,22,False,False
2023-02-25,Everton,Aston Villa,0,2,A,2022/23,1441.9349670438573,1478.1616055829916,0.6,1.2,1.2,7.0,23,1.6,2.4,1.2,7.0,23,False,False
2023-02-25,Leeds,Southampton,1,0,H,2022/23,1438.0691916436656,1423.907376469206,0.4,1.2,0.4,7.0,23,0.8,1.4,1.2,7.0,23,False,False
2023-02-25,Leicester,Arsenal,0,1,A,2022/23,1467.495284908294,1602.8317683461826,2.0,2.0,1.4,6.0,23,1.8,1.8,1.4,7.0,23,False,False
2023-02-25,West Ham,Nott'm Forest,4,0,H,2022/23,1441.9471075616093,1474.2949631631036,0.8,1.0,1.0,6.0,23,1.0,0.8,1.6,7.0,23,False,False
2023-02-25,Bournemouth,Man City,1,4,A,2022/23,1447.6468745854017,1587.449999953435,0.6,1.0,1.0,7.0,23,2.0,0.8,2.0,7.0,24,False,False
2023-02-26,Tottenham,Chelsea,2,0,H,2022/23,1535.5862419890911,1492.6326242109224,1.4,1.6,1.8,7.0,24,0.4,0.4,1.2,8.0,23,False,False
2023-03-01,Liverpool,Wolves,2,0,H,2022/23,1525.1604558423842,1459.1632043606905,0.8,0.6,1.6,4.0,23,1.2,1.2,1.4,5.0,24,False,False
2023-03-01,Arsenal,Everton,4,0,H,2022/23,1611.8181950658966,1430.119762614634,1.4,1.4,1.4,4.0,24,0.4,1.2,1.2,4.0,24,False,False
2023-03-04,Arsenal,Bournemouth,3,2,H,2022/23,1615.1179187612029,1438.787514839972,2.2,1.2,2.0,3.0,25,0.8,1.4,1.0,7.0,24,False,False
2023-03-04,Man City,Newcastle,2,0,H,2022/23,1596.309359698865,1555.5218199329504,2.2,1.0,2.0,7.0,25,0.6,0.8,1.2,14.0,23,False,False
2023-03-04,Aston Villa,Crystal Palace,1,0,H,2022/23,1489.9768100122149,1474.9392789023325,1.6,2.2,1.2,7.0,24,0.6,0.8,0.8,7.0,24,False,False
2023-03-04,Brighton,West Ham,4,0,H,2022/23,1517.6902257284248,1450.024164107173,1.4,0.8,1.6,14.0,22,1.6,0.8,1.6,7.0,24,False,False
2023-03-04,Chelsea,Leeds,1,0,H,2022/23,1486.5296862825785,1444.8967119430133,0.2,0.8,0.6,6.0,24,0.6,1.2,0.8,7.0,24,False,False
2023-03-04,Wolves,Tottenham,1,0,H,2022/23,1453.6078315528794,1541.689179917435,1.2,1.0,1.4,3.0,25,1.4,0.8,2.4,6.0,25,False,False
2023-03-04,Southampton,Leicester,1,0,H,2022/23,1417.0798561698582,1458.50885818858,0.4,1.4,0.6,7.0,24,2.0,1.8,1.4,7.0,24,False,False
2023-03-05,Nott'm Forest,Everton,2,2,D,2022/23,1466.21790661754,1426.8200389193278,0.6,1.6,1.0,8.0,24,0.4,1.6,1.2,4.0,25,False,False
2023-03-05,Liverpool,Man United,7,0,H,2022/23,1530.7158286501954,1579.2872389370953,1.2,0.6,2.0,4.0,24,2.2,1.2,2.0,14.0,24,False,False
2023-03-06,Brentford,Fulham,3,2,H,2022/23,1531.8739456171747,1524.4058252211876,1.4,0.4,1.8,16.0,23,0.8,0.4,1.6,10.0,25,False,False
2023-03-11,Crystal Palace,Man City,0,1,A,2022/23,1468.134408771544,1602.4653021045885,0.6,1.0,0.6,7.0,25,2.6,0.8,2.6,7.0,26,False,False
2023-03-11,Tottenham,Nott'm Forest,3,1,H,2022/23,1532.0320917839688,1462.4079888975148,1.2,1.0,1.8,7.0,26,0.8,1.8,1.0,6.0,25,False,False
2023-03-11,Leicester,Chelsea,1,3,A,2022/23,1450.1788765467154,1492.6649102628385,1.6,1.6,1.2,7.0,25,0.4,0.8,1.0,7.0,25,False,False
2023-03-11,Everton,Brentford,1,0,H,2022/23,1430.629956639353,1538.875779279784,0.6,2.0,0.8,6.0,26,1.6,0.8,1.8,5.0,24,False,False
2023-03-11,Bournemouth,Liverpool,1,0,H,2022/23,1435.401765848915,1539.2463120256753,1.0,1.8,0.8,7.0,25,2.6,0.0,2.6,6.0,25,False,False
2023-03-11,Leeds,Brighton,2,2,D,2022/23,1438.7614879627533,1523.2071373496856,0.6,1.2,0.8,7.0,25,1.6,0.8,1.6,7.0,23,False,False
2023-03-12,Fulham,Arsenal,0,3,A,2022/23,1517.4039915585784,1618.5036677522598,1.2,0.8,1.6,6.0,26,2.6,1.4,2.4,8.0,26,False,False
2023-03-12,Man United,Southampton,0,0,D,2022/23,1570.7567555616154,1425.4098378117228,1.8,2.0,2.0,7.0,25,0.6,1.2,1.2,8.0,25,False,False
2023-03-12,West Ham,Aston Villa,1,1,D,2022/23,1444.5072524859122,1496.7816801430033,1.2,1.6,1.0,8.0,25,1.6,2.2,1.2,8.0,25,False,False
2023-03-12,Newcastle,Wolves,2,1,H,2022/23,1549.3658775272268,1463.2649196863456,0.4,1.2,0.6,8.0,24,0.8,1.0,1.4,8.0,26,False,False
2023-03-15,Brighton,Crystal Palace,1,0,H,2022/23,1523.6545286908208,1459.1193278585245,1.6,0.8,1.6,4.0,24,0.4,0.8,0.6,4.0,26,False,False
2023-03-15,Southampton,Brentford,0,2,A,2022/23,1431.49250274989,1528.6384899774012,0.6,0.6,1.4,3.0,26,1.6,1.0,1.6,4.0,25,False,False
2023-03-17,Nott'm Forest,Newcastle,1,2,A,2022/23,1456.9359936087508,1554.4690600520248,0.8,2.4,0.4,6.0,26,0.8,1.4,1.0,5.0,25,False,False
2023-03-18,Chelsea,Everton,2,2,D,2022/23,1504.3053383686015,1440.8672459417357,1.0,1.0,1.4,7.0,26,0.8,1.6,1.4,7.0,27,False,False
2023-03-18,Wolves,Leeds,2,4,A,2022/23,1458.1617371615475,1438.314096621618,0.6,1.2,0.8,6.0,27,0.6,1.2,0.8,7.0,26,False,False
2023-03-18,Aston Villa,Bournemouth,3,0,H,2022/23,1498.1467573415894,1445.512416266699,1.4,1.6,1.4,6.0,26,1.2,1.6,1.4,7.0,26,False,False
2023-03-18,Brentford,Leicester,1,1,D,2022/23,1538.7206332205988,1438.5384484409524,1.4,1.0,1.6,3.0,26,1.0,1.8,0.6,7.0,26,False,False
2023-03-18,Southampton,Tottenham,3,3,D,2022/23,1421.4103595066924,1537.5040870727328,0.4,0.6,1.4,3.0,27,1.6,1.2,1.8,7.0,27,False,False
2023-03-19,Arsenal,Crystal Palace,4,1,H,2022/23,1628.4720166328198,1453.5301237931221,3.0,0.8,3.0,7.0,27,0.2,0.8,0.4,4.0,27,False,False
2023-04-01,Man City,Liverpool,4,1,H,2022/23,1611.4803830176081,1529.1356616078913,2.2,0.6,2.6,21.0,27,2.2,0.2,2.0,21.0,26,False,False
2023-04-01,Arsenal,Leeds,4,1,H,2022/23,1631.8803058243266,1451.63298346019,3.0,0.6,3.0,13.0,28,1.4,1.2,1.4,14.0,27,False,False
2023-04-01,Bournemouth,Fulham,2,1,H,2022/23,1439.6431972834544,1507.4356426780184,1.0,2.0,1.2,14.0,27,1.2,1.4,1.4,20.0,27,False,False
2023-04-01,Brighton,Brentford,3,3,D,2022/23,1529.2437327562232,1533.521867168597,1.6,0.8,1.6,17.0,25,1.4,1.0,1.6,14.0,27,False,False
2023-04-01,Crystal Palace,Leicester,2,1,H,2022/23,1450.1218346016153,1443.737214492954,0.2,1.4,0.2,13.0,28,0.4,1.8,0.2,14.0,27,False,False
2023-04-01,Nott'm Forest,Wolves,1,1,D,2022/23,1446.8649907465538,1444.8428503229757,1.0,2.4,0.4,15.0,27,1.0,1.8,0.8,14.0,28,False,False
2023-04-01,Chelsea,Aston Villa,0,2,A,2022/23,1499.92001173612,1504.015976324834,1.2,1.2,1.4,14.0,27,1.8,1.0,2.0,14.0,27,False,False
2023-04-02,Newcastle,Man United,2,0,H,2022/23,1564.5400629142218,1564.6740906234481,1.0,1.4,1.4,16.0,26,1.4,1.8,1.6,21.0,26,False,False
2023-04-02,West Ham,Southampton,1,0,H,2022/23,1443.1421752873262,1421.8732432022784,1.2,1.6,1.0,21.0,26,0.8,1.2,1.0,15.0,28,False,False
2023-04-03,Everton,Tottenham,1,1,D,2022/23,1445.2525725742173,1537.0412033771468,1.0,2.0,1.0,16.0,28,2.0,1.0,2.0,16.0,28,False,False
2023-04-04,Bournemouth,Brighton,0,2,A,2022/23,1448.7188356433842,1526.5562916342403,1.2,2.2,1.2,3.0,28,2.0,1.2,1.6,3.0,26,False,False
2023-04-04,Leeds,Nott'm Forest,2,1,H,2022/23,1448.3101794451454,1444.0101440436797,1.6,1.8,1.4,3.0,28,1.0,2.4,0.4,3.0,28,False,False
2023-04-04,Leicester,Aston Villa,1,2,A,2022/23,1436.7069719931983,1516.7082813433015,0.6,1.6,0.2,3.0,28,1.8,0.2,2.6,3.0,28,False,False
2023-04-04,Chelsea,Liverpool,0,0,D,2022/23,1487.2277067176524,1523.9498559768144,1.2,1.4,1.4,3.0,28,2.0,1.0,1.4,3.0,27,False,False
2023-04-05,Man United,Brentford,1,0,H,2022/23,1557.4718353268186,1536.2093082905799,1.0,1.8,1.4,3.0,27,1.8,1.4,1.6,4.0,28,False,False
2023-04-05,West Ham,Newcastle,1,5,A,2022/23,1449.7869359746828,1571.7423182108514,1.2,1.4,1.4,3.0,27,1.2,1.2,1.8,3.0,27,False,False
2023-04-08,Southampton,Man City,1,4,A,2022/23,1415.2284825149218,1616.666188648685,0.8,1.2,1.0,6.0,29,2.4,0.6,2.6,7.0,28,False,False
2023-04-08,Wolves,Chelsea,1,0,H,2022/23,1447.6976970258497,1485.4262978690927,1.0,1.8,0.8,7.0,29,1.2,1.0,1.6,4.0,29,False,False
2023-04-08,Tottenham,Brighton,2,1,H,2022/23,1537.2775015857476,1537.193317136997,1.8,1.2,1.6,5.0,29,2.4,1.0,2.2,4.0,27,False,False
2023-04-08,Leicester,Bournemouth,0,1,A,2022/23,1426.1319982768819,1438.0818101406276,0.8,1.8,0.2,4.0,29,1.0,1.8,1.2,4.0,29,False,False
2023-04-08,Fulham,West Ham,0,1,A,2022/23,1498.3600043180886,1440.4180228537462,1.0,1.8,0.8,7.0,28,1.4,2.0,1.4,3.0,28,False,False
2023-04-08,Aston Villa,Nott'm Forest,2,0,H,2022/23,1527.2832550596179,1436.9250969808966,1.8,0.4,2.6,4.0,29,1.2,2.0,0.4,4.0,29,False,False
2023-04-08,Brentford,Newcastle,1,2,A,2022/23,1529.564384003769,1581.111231331788,1.2,1.2,1.0,3.0,29,2.2,1.0,2.4,3.0,28,False,False
2023-04-08,Man United,Everton,2,0,H,2022/23,1564.1167596136295,1445.0162743656165,0.8,1.8,1.4,3.0,28,1.2,1.8,1.2,5.0,29,False,False
2023-04-09,Leeds,Crystal Palace,1,5,A,2022/23,1455.3952265079286,1457.152077101371,1.8,2.0,1.4,5.0,29,0.6,1.6,0.6,8.0,29,False,False
2023-04-09,Liverpool,Arsenal,2,2,D,2022/23,1525.7512648253742,1635.203109839371,2.0,1.0,1.4,5.0,28,3.6,0.8,3.0,8.0,29,False,False
2023-04-15,Aston Villa,Newcastle,3,0,H,2022/23,1532.2938474492141,1592.4968538419832,2.0,0.4,2.6,7.0,30,2.6,0.8,3.0,7.0,29,False,False
2023-04-15,Chelsea,Brighton,1,2,A,2022/23,1477.1996641905766,1529.9968498632152,1.0,1.2,1.0,7.0,30,1.8,1.4,1.6,7.0,28,False,False
2023-04-15,Everton,Fulham,1,3,A,2022/23,1440.6010772241827,1484.1033284050573,1.2,1.4,1.2,7.0,30,0.8,2.0,0.2,7.0,29,False,False
2023-04-15,Southampton,Crystal Palace,0,2,A,2022/23,1408.067871405034,1469.9067132445127,0.8,2.0,0.4,7.0,30,1.6,1.6,1.2,6.0,30,False,False
2023-04-15,Tottenham,Bournemouth,2,3,A,2022/23,1544.4739688595294,1450.5632009481508,1.8,1.4,1.6,7.0,30,0.8,1.2,1.8,7.0,30,False,False
2023-04-15,Wolves,Brentford,2,0,H,2022/23,1455.9243307043657,1518.1787614935738,1.2,1.4,1.4,7.0,30,1.4,1.4,1.0,7.0,30,False,False
2023-04-15,Man City,Leicester,3,1,H,2022/23,1623.8267997585726,1413.6506074693586,3.0,0.6,3.0,7.0,29,0.8,1.8,0.2,7.0,30,False,False
2023-04-16,Nott'm Forest,Man United,0,2,A,2022/23,1431.9145045913003,1568.5319567550632,0.8,2.0,0.2,8.0,30,0.6,1.8,1.4,8.0,29,False,False
2023-04-16,West Ham,Arsenal,2,2,D,2022/23,1454.6746987667775,1634.931130964469,0.8,2.0,1.4,8.0,29,3.2,1.2,2.6,7.0,30,False,False
2023-04-17,Leeds,Liverpool,1,6,A,2022/23,1442.640590364787,1526.0232437002762,2.0,2.8,1.4,8.0,30,2.0,1.4,1.0,8.0,29,False,False
2023-04-21,Arsenal,Southampton,3,3,D,2022/23,1632.6613929107311,1396.9739006999546,3.0,1.2,2.2,5.0,31,0.8,2.4,0.2,6.0,31,False,False
2023-04-22,Fulham,Leeds,2,1,H,2022/23,1495.7152809336146,1432.1626690517512,1.2,2.0,0.6,7.0,30,1.8,3.6,1.2,5.0,31,False,False
2023-04-22,Brentford,Aston Villa,1,1,D,2022/23,1509.2609121992666,1541.153381385065,1.0,1.8,0.4,7.0,31,2.4,0.2,3.0,7.0,31,False,False
2023-04-22,Crystal Palace,Everton,0,0,D,2022/23,1481.0006839495923,1428.9891246956254,2.0,1.4,1.8,7.0,31,1.0,1.6,1.0,7.0,31,False,False
2023-04-22,Leicester,Wolves,2,1,H,2022/23,1410.7781445238402,1464.842179998673,0.8,1.8,0.2,7.0,31,1.4,1.4,1.4,7.0,31,False,False
2023-04-22,Liverpool,Nott'm Forest,3,2,H,2022/23,1536.501165013312,1422.9645545496537,1.8,1.6,1.0,5.0,30,0.6,1.8,0.2,6.0,31,False,False
2023-04-23,Bournemouth,West Ham,0,4,A,2022/23,1465.629013536727,1456.9444368205154,1.2,1.6,1.8,8.0,31,1.2,1.6,1.6,7.0,30,False,False
2023-04-23,Newcastle,Tottenham,6,1,H,2022/23,1583.6373199061325,1529.4081562709532,2.2,1.2,2.4,8.0,30,2.2,1.8,1.6,8.0,31,False,False
2023-04-25,Leeds,Leicester,1,1,D,2022/23,1426.5506575515942,1419.4636516610967,1.2,3.6,0.6,3.0,32,1.0,1.8,0.6,3.0,32,False,False
2023-04-25,Aston Villa,Fulham,1,0,H,2022/23,1543.0889440645483,1501.3272924337716,2.0,0.4,2.6,3.0,32,1.2,1.6,1.2,3.0,31,False,False
2023-04-25,Wolves,Crystal Palace,2,0,H,2022/23,1456.1566728614164,1476.8847804114282,1.4,1.4,1.4,3.0,32,2.0,1.2,2.0,3.0,32,False,False
2023-04-26,Nott'm Forest,Brighton,3,1,H,2022/23,1418.4381794688204,1541.3471582303675,0.8,2.0,0.2,4.0,32,1.8,1.2,2.0,11.0,29,False,False
2023-04-26,Chelsea,Brentford,0,2,A,2022/23,1465.8493558234243,1507.3253495197832,0.6,1.4,0.4,11.0,31,1.0,1.8,0.4,4.0,32,False,False
2023-04-26,West Ham,Liverpool,1,2,A,2022/23,1469.9744347729918,1541.0275400941453,1.8,1.4,2.0,3.0,31,2.4,1.8,1.6,4.0,31,False,False
2023-04-26,Man City,Arsenal,4,1,H,2022/23,1626.699262704091,1625.1911570797754,2.8,0.6,3.0,11.0,30,3.0,1.8,1.8,5.0,32,False,False
2023-04-27,Everton,Newcastle,1,4,A,2022/23,1433.1050282337894,1589.4685410585882,0.8,1.6,0.6,5.0,32,3.0,1.2,2.4,4.0,31,False,False
2023-04-27,Southampton,Bournemouth,0,1,A,2022/23,1404.4441365309103,1452.5990155842505,1.4,2.6,0.4,6.0,32,1.2,1.8,1.8,4.0,32,False,False
2023-04-27,Tottenham,Man United,2,2,D,2022/23,1523.5769351184974,1577.4819067967098,1.8,2.8,1.0,4.0,32,1.0,0.4,2.0,11.0,30,False,False
2023-04-29,Crystal Palace,West Ham,4,3,H,2022/23,1469.127623764497,1459.1431986322264,1.8,0.8,2.0,4.0,33,1.8,1.8,1.4,3.0,32,False,False
2023-04-29,Brentford,Nott'm Forest,2,1,H,2022/23,1518.9940530405388,1429.0965989469923,0.8,1.2,0.8,3.0,33,1.2,2.0,0.6,3.0,33,False,False
2023-04-29,Brighton,Wolves,6,0,H,2022/23,1530.6887387521956,1463.9138295083476,1.8,1.8,1.4,3.0,30,1.4,0.6,2.0,4.0,33,False,False
2023-04-30,Liverpool,Tottenham,4,3,H,2022/23,1551.8587762349107,1522.2579434094685,2.6,1.2,2.2,4.0,32,1.6,2.6,1.0,3.0,33,False,False
2023-04-30,Newcastle,Southampton,3,1,H,2022/23,1597.8603519947073,1392.9628921397268,3.4,1.4,2.4,3.0,32,0.8,2.2,0.2,3.0,33,False,False
2023-04-30,Bournemouth,Leeds,4,1,H,2022/23,1464.080259975434,1423.5624778161514,1.0,1.6,1.8,3.0,33,1.2,3.0,0.8,5.0,33,False,False
2023-04-30,Fulham,Man City,1,2,A,2022/23,1495.1952184401603,1633.8580110206765,1.2,1.2,1.2,5.0,32,3.2,0.8,3.0,4.0,31,False,False
2023-04-30,Man United,Aston Villa,1,0,H,2022/23,1578.8008985057388,1549.2210180581596,1.4,0.8,2.0,3.0,31,1.8,0.4,2.6,5.0,33,False,False
2023-05-01,Leicester,Everton,2,2,D,2022/23,1422.4518313965395,1424.7132172976703,1.0,1.6,0.8,6.0,33,0.6,2.0,0.4,4.0,33,False,False
2023-05-02,Arsenal,Chelsea,3,1,H,2022/23,1618.03240876319,1454.1806523026687,2.4,2.4,1.2,6.0,33,0.2,1.4,0.2,6.0,32,False,False
2023-05-03,Liverpool,Fulham,1,0,H,2022/23,1558.2924614480896,1486.3034522893784,3.4,1.8,2.6,3.0,33,1.2,1.2,1.2,3.0,33,False,False
2023-05-03,Man City,West Ham,3,0,H,2022/23,1642.7497771714584,1452.2071357847535,3.4,1.0,3.0,3.0,32,2.2,1.6,1.4,4.0,33,False,False
2023-05-04,Brighton,Man United,1,0,H,2022/23,1536.2261683062322,1585.235110087619,2.4,1.2,1.8,5.0,31,1.6,0.4,2.6,4.0,32,False,False
2023-05-06,Wolves,Aston Villa,1,0,H,2022/23,1458.376399954311,1542.7868064762795,1.2,1.6,1.8,7.0,34,1.4,0.4,2.0,6.0,34,False,False
2023-05-06,Liverpool,Brentford,1,0,H,2022/23,1563.7105121147256,1524.0146111433478,3.2,1.4,3.0,3.0,34,1.2,1.2,1.4,7.0,34,False,False
2023-05-06,Man City,Leeds,2,1,H,2022/23,1645.9116057654958,1417.3999164939733,3.2,0.8,3.0,3.0,33,1.0,3.6,0.2,6.0,34,False,False
2023-05-06,Bournemouth,Chelsea,1,3,A,2022/23,1470.2428212976122,1450.5880420601725,1.8,1.4,2.4,6.0,34,0.4,1.6,0.2,4.0,33,False,False
2023-05-06,Tottenham,Crystal Palace,1,0,H,2022/23,1515.8242581962895,1476.0636866119698,2.0,3.2,0.8,6.0,34,2.2,1.2,2.0,7.0,34,False,False
2023-05-07,Newcastle,Arsenal,0,2,A,2022/23,1600.8083762740841,1621.6250190056862,3.0,1.4,2.4,7.0,33,2.2,2.4,1.2,5.0,34,False,False
2023-05-07,West Ham,Man United,1,0,H,2022/23,1449.0453071907161,1576.6923032162194,2.0,2.2,0.8,4.0,34,1.4,0.6,2.0,3.0,33,False,False
2023-05-08,Fulham,Leicester,5,3,H,2022/23,1480.8854016227424,1419.7106203987184,1.2,1.2,1.2,5.0,34,1.2,1.6,1.0,7.0,34,False,False
2023-05-08,Brighton,Everton,1,5,A,2022/23,1544.7689751776318,1427.4544282954914,2.2,1.2,1.8,4.0,32,0.8,2.2,0.4,7.0,34,False,False
2023-05-08,Nott'm Forest,Southampton,4,3,H,2022/23,1424.0760408441834,1390.01486786035,1.2,2.0,0.6,9.0,34,1.0,2.6,0.2,8.0,34,False,False
2023-05-13,Southampton,Fulham,0,2,A,2022/23,1383.6927167804492,1486.5528405419263,1.4,2.6,0.2,5.0,35,1.6,1.6,1.2,5.0,35,False,False
2023-05-13,Man United,Wolves,2,0,H,2022/23,1565.8982340377281,1467.927996276935,1.0,0.8,1.4,6.0,34,1.2,1.6,1.8,7.0,35,False,False
2023-05-13,Crystal Palace,Bournemouth,2,0,H,2022/23,1469.882524901183,1456.9288749206307,1.2,1.2,1.4,7.0,35,1.8,2.0,1.8,7.0,35,False,False
2023-05-13,Chelsea,Nott'm Forest,2,2,D,2022/23,1463.901988437154,1430.3981919240841,1.0,1.8,0.6,7.0,34,2.0,2.2,1.2,5.0,35,False,False
2023-05-13,Aston Villa,Tottenham,2,1,H,2022/23,1533.2352101536555,1522.0054199070764,1.0,0.6,1.4,7.0,35,1.8,3.0,0.8,7.0,35,False,False
2023-05-13,Leeds,Newcastle,2,2,D,2022/23,1414.7774554394637,1588.5679531209844,1.0,3.0,0.2,7.0,35,2.6,1.6,1.8,6.0,34,False,False
2023-05-14,Brentford,West Ham,2,0,H,2022/23,1517.8318594030454,1459.8393763692075,1.0,1.0,1.4,8.0,35,1.8,1.8,1.2,7.0,35,False,False
2023-05-14,Everton,Man City,0,3,A,2022/23,1443.0037589394997,1648.5340668200054,1.8,2.0,1.0,6.0,35,2.8,0.8,3.0,8.0,34,False,False
2023-05-14,Arsenal,Brighton,0,3,A,2022/23,1633.865442158786,1529.2196445336235,2.2,2.0,1.6,7.0,35,2.2,1.8,1.8,6.0,33,False,False
2023-05-15,Leicester,Liverpool,0,3,A,2022/23,1414.0431814795345,1569.893263855028,1.8,2.4,1.0,7.0,35,2.2,1.2,3.0,9.0,35,False,False
2023-05-18,Newcastle,Brighton,4,1,H,2022/23,1586.4754602906914,1544.5115339522401,3.0,1.4,2.0,5.0,35,2.4,1.6,1.8,4.0,34,False,False
2023-05-20,Wolves,Everton,1,1,D,2022/23,1463.0801505646236,1435.9510796424881,0.8,2.0,1.2,7.0,36,1.6,2.0,1.0,6.0,36,False,False
2023-05-20,Liverpool,Aston Villa,1,1,D,2022/23,1578.2994737269137,1540.1388292591816,2.2,0.8,3.0,5.0,36,0.8,0.8,1.4,7.0,36,False,False
2023-05-20,Nott'm Forest,Arsenal,1,0,H,2022/23,1434.062160093573,1618.5735527401694,2.4,2.2,1.4,7.0,36,1.8,2.2,1.4,6.0,36,False,False
2023-05-20,Bournemouth,Man United,0,1,A,2022/23,1450.0700462711786,1570.7460797500394,1.2,2.0,1.2,7.0,36,1.0,0.8,1.4,7.0,35,False,False
2023-05-20,Tottenham,Brentford,1,3,A,2022/23,1515.1018008015503,1523.5739933849463,1.6,2.8,0.8,7.0,36,1.4,0.6,2.0,6.0,36,False,False
2023-05-20,Fulham,Crystal Palace,2,2,D,2022/23,1496.4705214222204,1476.741353550635,1.6,1.4,1.2,7.0,36,1.2,1.2,1.4,7.0,36,False,False
2023-05-21,West Ham,Leeds,3,1,H,2022/23,1454.0972423873066,1416.8699482697566,1.0,2.2,0.6,7.0,36,1.2,2.2,0.4,8.0,36,False,False
2023-05-21,Brighton,Southampton,3,1,H,2022/23,1538.3844097665963,1373.7750359001552,2.4,1.8,1.8,3.0,35,1.4,2.6,0.2,8.0,36,False,False
2023-05-21,Man City,Chelsea,1,0,H,2022/23,1655.586746117017,1460.238020267665,2.8,0.6,3.0,7.0,35,1.4,2.0,0.8,8.0,35,False,False
2023-05-22,Newcastle,Leicester,0,0,D,2022/23,1592.6025844763353,1405.6369716076488,2.6,1.4,2.0,4.0,36,1.6,2.4,1.0,7.0,36,False,False
2023-05-24,Brighton,Man City,1,1,D,2022/23,1541.9641843496292,1658.6756232299588,1.8,2.0,1.8,3.0,36,2.2,0.4,3.0,3.0,36,False,False
2023-05-25,Man United,Chelsea,4,1,H,2022/23,1580.1516771935167,1457.149143154723,0.8,0.4,1.8,5.0,36,1.2,1.8,0.8,4.0,36,False,False
2023-05-28,Southampton,Liverpool,4,4,D,2022/23,1370.1952613171222,1574.5200383998233,1.0,2.6,0.0,7.0,37,2.0,0.8,2.6,8.0,37,False,False
2023-05-28,Man United,Fulham,2,1,H,2022/23,1584.490078768143,1493.1546692417194,1.4,0.6,1.8,3.0,37,2.0,1.6,1.4,8.0,37,False,False
2023-05-28,Leicester,West Ham,2,1,H,2022/23,1412.4199436265292,1460.3408571036077,1.2,2.2,0.6,6.0,37,1.4,2.0,1.2,7.0,37,False,False
2023-05-28,Leeds,Tottenham,1,4,A,2022/23,1410.6263335534554,1502.5267149902431,1.2,2.4,0.4,7.0,37,1.6,2.2,0.8,8.0,37,False,False
2023-05-28,Everton,Bournemouth,1,0,H,2022/23,1439.4551429073551,1440.6644488277013,1.8,2.2,1.0,8.0,37,1.2,1.4,1.2,8.0,37,False,False
2023-05-28,Chelsea,Newcastle,1,1,D,2022/23,1452.8107415800969,1585.819612457455,1.4,2.2,0.8,3.0,37,1.8,1.2,1.6,6.0,37,False,False
2023-05-28,Brentford,Man City,1,0,H,2022/23,1536.1490791962535,1658.1949999460394,1.8,0.6,2.4,8.0,37,2.0,0.4,2.6,4.0,37,False,False
2023-05-28,Aston Villa,Brighton,2,1,H,2022/23,1543.918264586272,1542.4448076335486,0.8,0.8,1.4,8.0,37,1.8,2.2,1.4,4.0,37,False,False
2023-05-28,Arsenal,Wolves,5,0,H,2022/23,1606.1879840217205,1459.5760872997566,1.2,1.8,1.2,8.0,37,0.8,1.8,1.4,8.0,37,False,False
2023-05-28,Crystal Palace,Nott'm Forest,1,1,D,2022/23,1480.057205731136,1446.447728812022,1.6,1.6,1.4,8.0,37,2.2,1.6,2.0,8.0,37,False,False
2023-08-11,Burnley,Man City,0,3,A,2023/24,1500.0,1647.5613175803878,1.4,1.4,1.35,7.0,0,1.4,0.6,2.0,75.0,0,True,False
2023-08-12,Sheffield United,Crystal Palace,0,1,A,2023/24,1500.0,1476.3906044701232,1.4,1.4,1.35,7.0,0,1.8,1.4,1.6,76.0,0,True,False
2023-08-12,Arsenal,Nott'm Forest,2,1,H,2023/24,1610.0824317560064,1450.1143300730348,2.0,1.0,1.8,76.0,0,1.8,1.6,1.6,76.0,0,False,False
2023-08-12,Bournemouth,West Ham,1,1,D,2023/24,1433.4336423998138,1451.8286871562618,1.0,1.6,0.6,76.0,0,1.0,1.6,1.2,76.0,0,False,False
2023-08-12,Brighton,Luton,4,1,H,2023/24,1535.2851425286956,1500.0,1.8,1.6,1.4,76.0,0,1.4,1.4,1.35,7.0,0,False,True
2023-08-12,Everton,Fulham,0,1,A,2023/24,1446.6859493352426,1488.1651726212358,1.8,1.4,1.6,76.0,0,2.0,1.6,1.4,76.0,0,False,False
2023-08-12,Newcastle,Aston Villa,5,1,H,2023/24,1584.8723890624035,1551.077929691125,1.4,1.2,1.2,76.0,0,1.0,1.0,1.4,76.0,0,False,False
2023-08-13,Chelsea,Liverpool,1,1,D,2023/24,1453.7579649751483,1571.6044338620288,1.4,1.8,1.0,77.0,0,2.0,1.0,2.2,77.0,0,False,False
2023-08-13,Brentford,Tottenham,2,2,D,2023/24,1546.782761561905,1512.7597985286861,1.6,0.6,2.4,77.0,0,2.0,2.0,1.2,77.0,0,False,False
2023-08-14,Man United,Wolves,1,0,H,2023/24,1589.4795753886265,1455.6816395654707,1.8,0.6,2.4,78.0,0,0.4,2.8,0.8,78.0,0,False,False
2023-08-18,Nott'm Forest,Sheffield United,2,1,H,2023/24,1446.455357840049,1486.5851160318769,1.8,1.6,1.6,6.0,1,0.0,1.0,0.0,6.0,1,False,True
2023-08-19,Fulham,Brentford,0,3,A,2023/24,1499.8337857751894,1543.1058636897592,2.2,1.4,2.0,7.0,1,1.6,0.8,2.0,6.0,1,False,False
2023-08-19,Liverpool,Bournemouth,3,1,H,2023/24,1571.09122248565,1431.1271228858782,2.0,1.2,1.8,6.0,1,0.4,1.6,0.2,7.0,1,False,False
2023-08-19,Wolves,Brighton,1,4,A,2023/24,1451.5506431458516,1541.5768697104286,0.4,1.8,0.8,5.0,1,2.0,1.8,1.4,7.0,1,False,False
2023-08-19,Tottenham,Man United,2,0,H,2023/24,1516.436696400832,1593.6105718082456,1.8,1.6,1.4,6.0,1,2.0,0.4,3.0,5.0,1,False,False
2023-08-19,Man City,Newcastle,1,0,H,2023/24,1656.2008802166001,1591.2011802650009,1.6,0.4,2.0,8.0,1,2.4,1.0,1.8,7.0,1,False,False
2023-08-20,Aston Villa,Everton,4,0,H,2023/24,1544.7491384885277,1435.017336181289,1.2,1.8,1.4,8.0,1,1.4,1.2,1.4,8.0,1,False,False
2023-08-20,West Ham,Chelsea,3,1,H,2023/24,1454.1352066701975,1454.2711763515272,1.2,1.2,1.4,8.0,1,1.0,1.8,0.6,7.0,1,False,False
2023-08-21,Crystal Palace,Arsenal,0,1,A,2023/24,1489.8054884382464,1613.7414039889923,1.2,0.8,1.6,9.0,1,1.8,1.0,1.8,9.0,1,False,False
2023-08-25,Chelsea,Luton,3,0,H,2023/24,1447.0688695354352,1493.708272818267,0.8,2.0,0.4,5.0,2,1.0,4.0,0.0,13.0,1,False,True
2023-08-26,Brighton,West Ham,1,3,A,2023/24,1551.863859155902,1461.3375134862895,2.6,1.2,2.0,7.0,2,1.6,1.4,1.4,6.0,2,False,False
2023-08-26,Man United,Nott'm Forest,3,2,H,2023/24,1584.2666168527126,1454.7490100347889,1.6,0.8,2.4,7.0,2,1.4,1.2,1.6,8.0,2,False,False
2023-08-26,Everton,Wolves,0,1,A,2023/24,1430.413800659664,1441.2636537003782,0.4,1.8,0.8,6.0,2,0.4,2.6,0.2,7.0,2,False,False
2023-08-26,Bournemouth,Tottenham,0,2,A,2023/24,1427.1112594744247,1525.780651356365,0.4,1.6,0.2,7.0,2,2.0,1.6,1.4,7.0,2,False,False
2023-08-26,Arsenal,Fulham,2,2,D,2023/24,1623.05356084302,1488.2153811587502,1.6,1.0,1.8,5.0,2,1.2,1.4,1.4,7.0,2,False,False
2023-08-26,Brentford,Crystal Palace,1,1,D,2023/24,1554.7242683061984,1480.4933315842186,2.2,0.6,2.6,7.0,2,1.2,0.8,1.6,5.0,2,False,False
2023-08-27,Burnley,Aston Villa,1,3,A,2023/24,1491.3604373637877,1549.3526740101527,0.0,3.0,0.0,16.0,1,2.0,1.6,2.0,7.0,2,True,False
2023-08-27,Sheffield United,Man City,1,2,A,2023/24,1478.291463837137,1661.7793223003634,0.5,1.5,0.0,9.0,2,1.2,0.4,2.0,8.0,2,True,False
2023-08-27,Newcastle,Liverpool,1,2,A,2023/24,1585.6227381812375,1575.1070858971034,2.0,0.8,1.6,8.0,2,2.4,1.4,1.8,8.0,2,False,False
2023-09-01,Luton,West Ham,1,2,A,2023/24,1485.232151256379,1476.3305559616438,0.5,3.5,0.0,7.0,2,2.2,1.2,2.0,6.0,3,True,False
2023-09-02,Man City,Fulham,5,1,H,2023/24,1669.4215561902727,1494.1039777673889,1.4,0.6,2.0,6.0,3,1.2,1.8,1.0,7.0,3,False,False
2023-09-02,Brighton,Newcastle,3,1,H,2023/24,1536.8708166805477,1572.544952956429,2.2,1.6,1.4,7.0,3,1.4,1.0,1.0,6.0,3,False,False
2023-09-02,Chelsea,Nott'm Forest,0,1,A,2023/24,1455.5449910973232,1450.5366675097775,1.4,1.8,1.0,8.0,3,1.4,1.4,1.4,7.0,3,False,False
2023-09-02,Brentford,Bournemouth,2,2,D,2023/24,1550.0914892478725,1417.0729616814513,2.0,0.8,2.2,7.0,3,0.4,1.6,0.2,7.0,3,False,False
2023-09-02,Sheffield United,Everton,2,2,D,2023/24,1470.6492299472277,1417.9027232748879,0.6666666666666666,1.6666666666666667,0.0,6.0,3,0.4,1.4,0.8,7.0,3,True,False
2023-09-02,Burnley,Tottenham,2,5,A,2023/24,1480.1572142462269,1535.8189491493386,0.5,3.0,0.0,6.0,2,2.2,1.2,2.0,7.0,3,True,False
2023-09-03,Crystal Palace,Wolves,3,2,H,2023/24,1485.1261106425445,1453.7747310851544,1.0,1.0,1.2,8.0,3,0.6,2.2,0.8,8.0,3,False,False
2023-09-03,Liverpool,Aston Villa,3,0,H,2023/24,1588.184871121912,1560.5558971277135,2.2,1.6,1.8,7.0,3,2.2,1.6,2.0,7.0,3,False,False
2023-09-03,Arsenal,Man United,3,1,H,2023/24,1617.1649642343814,1588.4789593777239,2.0,0.8,2.0,8.0,3,2.0,1.2,2.4,8.0,3,False,False
2023-09-16,West Ham,Man City,1,3,A,2023/24,1489.3662256712405,1672.8237350016648,2.0,1.2,2.0,15.0,4,2.2,0.6,2.4,14.0,4,False,False
2023-09-16,Newcastle,Brentford,1,0,H,2023/24,1564.3755312529859,1544.2372110512451,1.6,1.6,0.8,14.0,4,1.8,1.0,1.8,14.0,4,False,False
2023-09-16,Man United,Brighton,1,3,A,2023/24,1582.022270668694,1545.0402383839908,1.4,1.6,1.8,13.0,4,2.6,1.6,1.8,14.0,4,False,False
2023-09-16,Tottenham,Sheffield United,2,1,H,2023/24,1547.0882240908882,1466.5157717729364,3.0,1.0,2.6,14.0,4,1.0,1.75,0.25,14.0,4,False,True
2023-09-16,Aston Villa,Crystal Palace,3,1,H,2023/24,1554.0725757207335,1491.5158985601045,2.0,2.0,1.8,13.0,4,1.2,1.0,1.6,13.0,4,False,False
2023-09-16,Wolves,Liverpool,1,3,A,2023/24,1447.3849431675944,1594.668192528892,0.8,2.6,0.6,13.0,4,2.6,1.4,2.2,13.0,4,False,False
2023-09-16,Fulham,Luton,1,0,H,2023/24,1490.7017989559968,1472.1964815467823,1.0,2.4,0.8,14.0,4,0.6666666666666666,3.0,0.0,15.0,3,False,True
2023-09-17,Bournemouth,Chelsea,0,0,D,2023/24,1422.9272398780786,1442.6113952947026,0.8,1.8,0.4,15.0,4,1.2,1.2,1.0,15.0,4,False,False
2023-09-17,Everton,Arsenal,0,1,A,2023/24,1422.0361814491791,1623.6216529434112,0.6,1.6,0.8,15.0,4,2.6,0.8,2.6,14.0,4,False,False
2023-09-18,Nott'm Forest,Burnley,1,1,D,2023/24,1463.4702633123982,1468.8879393046773,1.4,1.4,1.4,16.0,4,1.0,3.6666666666666665,0.0,16.0,3,False,True
2023-09-23,Brentford,Everton,1,3,A,2023/24,1537.5635406911802,1414.879480011185,1.6,1.2,1.2,7.0,5,0.4,1.8,0.2,6.0,5,False,False
2023-09-23,Crystal Palace,Fulham,0,0,D,2023/24,1485.880712012549,1497.4173355840064,1.2,1.4,1.4,7.0,5,1.0,2.0,1.4,7.0,5,False,False
2023-09-23,Luton,Wolves,1,1,D,2023/24,1465.4809449187726,1438.7375243579402,0.5,2.5,0.0,7.0,4,1.0,2.2,0.6,7.0,5,True,False
2023-09-23,Man City,Nott'm Forest,2,0,H,2023/24,1680.4667938674093,1460.8132787406823,2.8,0.6,3.0,7.0,5,1.4,1.4,1.4,5.0,5,False,False
2023-09-23,Burnley,Man United,0,1,A,2023/24,1471.544923876393,1568.2719501112526,1.0,3.0,0.25,5.0,4,1.2,2.0,1.2,7.0,5,True,False
2023-09-24,Sheffield United,Newcastle,0,8,A,2023/24,1461.29068232477,1571.0492016130509,1.0,1.8,0.2,8.0,5,1.6,1.4,1.2,8.0,5,True,False
2023-09-24,Liverpool,West Ham,3,1,H,2023/24,1603.3156113385462,1481.723166805496,2.4,0.8,2.6,8.0,5,2.0,1.4,2.0,8.0,5,False,False
2023-09-24,Brighton,Bournemouth,3,1,H,2023/24,1558.7905589414322,1420.6558799569764,3.0,1.4,2.4,8.0,5,0.8,1.6,0.6,7.0,5,False,False
2023-09-24,Chelsea,Aston Villa,0,1,A,2023/24,1444.8827552158048,1559.707762268289,1.0,1.0,1.0,7.0,5,2.2,2.0,1.8,8.0,5,False,False
2023-09-24,Arsenal,Tottenham,2,2,D,2023/24,1630.7783543814053,1552.3133135390547,1.8,0.8,2.6,7.0,5,2.6,1.0,2.6,8.0,5,False,False
2023-09-30,Wolves,Man City,2,1,H,2023/24,1442.2318468263802,1683.2076457577646,1.2,2.2,0.8,7.0,6,2.6,0.6,3.0,7.0,6,False,False
2023-09-30,West Ham,Sheffield United,2,0,H,2023/24,1477.3571254310293,1451.571481251391,2.0,1.8,1.8,6.0,6,1.0,3.2,0.2,6.0,6,False,True
2023-09-30,Newcastle,Burnley,2,0,H,2023/24,1580.7684026864297,1461.4507229054334,2.2,1.2,1.2,6.0,6,0.8,2.6,0.2,7.0,5,False,True
2023-09-30,Tottenham,Liverpool,2,1,H,2023/24,1557.0412619428425,1607.681652713013,2.6,1.0,2.6,6.0,6,2.8,0.8,3.0,6.0,6,False,False
2023-09-30,Everton,Luton,1,2,A,2023/24,1430.53484697438,1461.9866224503326,1.0,1.8,0.8,7.0,6,0.6,2.2,0.2,7.0,5,False,True
2023-09-30,Bournemouth,Arsenal,0,4,A,2023/24,1416.6061107485177,1626.0504059776174,0.8,2.0,0.4,6.0,6,1.8,1.0,2.2,6.0,6,False,False
2023-09-30,Aston Villa,Brighton,6,1,H,2023/24,1569.2813230415002,1562.8403281498909,2.2,1.0,2.4,6.0,6,2.8,1.4,2.4,6.0,6,False,False
2023-09-30,Man United,Crystal Palace,0,1,A,2023/24,1578.3661510822124,1483.3881642455399,1.2,2.0,1.2,7.0,6,1.0,1.4,1.0,7.0,6,False,False
2023-10-01,Nott'm Forest,Brentford,1,1,D,2023/24,1458.072426850327,1521.9081737279853,1.2,1.4,1.4,8.0,6,1.4,1.4,1.0,8.0,6,False,False
2023-10-02,Fulham,Chelsea,0,2,A,2023/24,1499.9098833510157,1435.3091944425935,0.8,2.0,1.0,9.0,6,0.8,1.0,0.8,8.0,6,False,False
2023-10-03,Luton,Burnley,1,2,A,2023/24,1473.9343911105038,1457.0398258223645,0.8,1.6,0.8,3.0,6,0.8,2.4,0.2,3.0,6,True,True
2023-10-07,Crystal Palace,Nott'm Forest,0,0,D,2023/24,1498.4767755712653,1457.0352789437336,1.2,1.2,1.6,7.0,7,1.0,1.4,1.0,6.0,7,False,False
2023-10-07,Luton,Tottenham,0,1,A,2023/24,1460.6913503853677,1565.6300597342697,1.0,1.4,0.8,4.0,7,2.6,1.2,2.6,7.0,7,True,False
2023-10-07,Burnley,Chelsea,1,4,A,2023/24,1470.2828665475006,1449.721508440061,1.0,2.0,0.8,4.0,7,1.0,0.4,1.4,5.0,7,True,False
2023-10-07,Everton,Bournemouth,3,0,H,2023/24,1418.5870783142086,1409.6559544422432,1.2,1.4,0.8,7.0,7,0.6,2.2,0.4,7.0,7,False,False
2023-10-07,Fulham,Sheffield United,3,1,H,2023/24,1485.4975693535482,1445.0415794391727,0.8,1.8,1.0,5.0,7,0.8,3.2,0.2,7.0,7,False,True
2023-10-07,Man United,Brentford,2,1,H,2023/24,1563.277539756487,1522.9453216345787,1.2,1.8,1.2,7.0,7,1.0,1.6,0.6,6.0,7,False,False
2023-10-08,Arsenal,Man City,1,0,H,2023/24,1633.000562283892,1669.358971276083,2.4,1.0,2.2,8.0,7,2.6,1.0,2.4,8.0,7,False,False
2023-10-08,Wolves,Aston Villa,1,1,D,2023/24,1456.0805213080619,1576.310086120132,1.4,1.6,1.4,8.0,7,2.6,1.2,2.4,8.0,7,False,False
2023-10-08,Brighton,Liverpool,2,2,D,2023/24,1555.811565071259,1599.0928549215857,2.2,2.4,1.8,8.0,7,2.4,1.0,2.4,8.0,7,False,False
2023-10-08,West Ham,Newcastle,2,2,D,2023/24,1483.8870272432478,1585.1792997694986,1.8,1.6,1.8,8.0,7,2.6,1.0,1.8,8.0,7,False,False
2023-10-21,Chelsea,Arsenal,2,2,D,2023/24,1463.0586624894972,1641.1890257986709,1.2,0.6,1.4,14.0,8,2.2,0.6,2.6,13.0,8,False,False
2023-10-21,Liverpool,Everton,2,0,H,2023/24,1600.7110013407498,1425.550637044574,2.4,1.2,2.0,13.0,8,1.8,1.2,1.4,14.0,8,False,False
2023-10-21,Bournemouth,Wolves,1,2,A,2023/24,1402.692395711878,1456.6621178945834,0.6,2.4,0.4,14.0,8,1.4,1.8,1.0,13.0,8,False,False
2023-10-21,Brentford,Burnley,3,0,H,2023/24,1516.7782049235238,1456.9457124980643,1.0,1.8,0.4,14.0,8,0.8,1.8,0.8,14.0,8,False,True
2023-10-21,Man City,Brighton,2,1,H,2023/24,1661.170507761304,1554.193418652095,2.2,1.0,1.8,13.0,8,2.4,2.2,2.0,13.0,8,False,False
2023-10-21,Newcastle,Crystal Palace,4,0,H,2023/24,1585.1421053478311,1494.6166885455543,2.8,1.0,2.0,13.0,8,1.0,1.0,1.6,14.0,8,False,False
2023-10-21,Nott'm Forest,Luton,2,2,D,2023/24,1460.8953659694446,1450.8334882936467,0.6,0.8,1.2,14.0,8,0.8,1.2,0.8,14.0,8,False,True
2023-10-21,Sheffield United,Man United,1,2,A,2023/24,1438.8775013939855,1569.4446564675418,0.8,3.4,0.2,14.0,8,1.0,1.6,1.2,14.0,8,True,False
2023-10-22,Aston Villa,West Ham,4,1,H,2023/24,1575.7284895336104,1483.9242216649152,2.2,1.2,2.0,14.0,8,1.6,1.8,1.4,14.0,8,False,False
2023-10-23,Tottenham,Fulham,2,0,H,2023/24,1575.4879218259907,1491.6616473987353,2.4,1.2,2.6,16.0,8,1.0,1.6,1.4,16.0,8,False,False
2023-10-27,Crystal Palace,Tottenham,1,2,A,2023/24,1489.6097109510806,1580.641035275751,0.4,1.4,1.0,6.0,9,1.8,0.8,2.6,4.0,9,False,False
2023-10-28,Chelsea,Brentford,0,2,A,2023/24,1465.2702798575765,1522.4770784258455,1.6,0.8,1.6,7.0,9,1.2,1.4,0.8,7.0,9,False,False
2023-10-28,Arsenal,Sheffield United,5,0,H,2023/24,1638.9774084305916,1429.755031871154,2.0,0.8,2.2,7.0,9,0.6,3.4,0.0,7.0,9,False,True
2023-10-28,Bournemouth,Burnley,2,1,H,2023/24,1391.3752352941895,1451.2468389957426,0.4,2.4,0.2,7.0,9,0.6,2.2,0.6,7.0,9,False,True
2023-10-28,Wolves,Newcastle,2,2,D,2023/24,1467.9792783122718,1590.1490829423049,1.4,1.4,1.6,7.0,9,3.4,0.4,2.6,7.0,9,False,False
2023-10-29,Brighton,Fulham,1,1,D,2023/24,1549.5334456450285,1486.5085339489751,2.0,2.4,1.4,8.0,9,0.8,1.0,1.4,6.0,9,False,False
2023-10-29,Liverpool,Nott'm Forest,3,0,H,2023/24,1604.1157361185096,1457.829408968314,2.2,1.2,2.0,8.0,9,0.8,1.2,0.8,8.0,9,False,False
2023-10-29,West Ham,Everton,0,1,A,2023/24,1478.9448251409167,1422.1459022668141,1.4,2.4,0.8,7.0,9,1.4,1.2,1.2,8.0,9,False,False
2023-10-29,Aston Villa,Luton,3,1,H,2023/24,1580.707886057609,1453.8994452947773,3.0,0.8,2.6,7.0,9,1.2,1.4,1.0,8.0,9,False,True
2023-10-29,Man United,Man City,0,3,A,2023/24,1578.5671259903734,1665.8304807683705,1.2,1.2,1.8,8.0,9,1.6,1.0,1.8,8.0,9,False,False
2023-11-04,Sheffield United,Wolves,2,1,H,2023/24,1426.8690360819091,1468.6165119441855,0.4,4.0,0.0,7.0,10,1.6,1.2,1.8,7.0,10,True,False
2023-11-04,Newcastle,Arsenal,1,0,H,2023/24,1589.5118493103912,1641.8634042198364,3.6,0.8,2.2,7.0,10,2.8,0.8,2.2,7.0,10,False,False
2023-11-04,Everton,Brighton,1,1,D,2023/24,1436.3756018505007,1545.1577292989527,1.6,1.0,1.8,6.0,10,1.6,2.4,1.0,6.0,10,False,False
2023-11-04,Man City,Bournemouth,6,1,H,2023/24,1676.1969067562918,1400.2253557849142,1.6,0.8,1.8,6.0,10,0.8,2.6,0.6,7.0,10,False,False
2023-11-04,Burnley,Crystal Palace,0,2,A,2023/24,1442.3967185050178,1479.3516290371492,0.8,2.4,0.6,7.0,10,0.4,1.2,1.0,8.0,10,True,False
2023-11-04,Brentford,West Ham,3,2,H,2023/24,1533.7025748841024,1464.71512555723,1.6,1.2,1.4,7.0,10,1.2,2.0,0.8,6.0,10,False,False
2023-11-04,Fulham,Man United,0,1,A,2023/24,1490.8842502950508,1568.200700002452,0.8,1.2,1.0,6.0,10,1.0,1.2,1.8,6.0,10,False,False
2023-11-05,Nott'm Forest,Aston Villa,2,0,H,2023/24,1453.9290803931585,1584.9723190508012,0.6,1.6,0.6,7.0,10,3.0,0.8,2.6,7.0,10,False,False
2023-11-05,Luton,Liverpool,1,1,D,2023/24,1449.635012301585,1608.0160646936652,1.2,1.8,0.8,7.0,10,2.2,1.0,2.0,7.0,10,True,False
2023-11-06,Tottenham,Chelsea,1,4,A,2023/24,1590.8991171896823,1454.0447833993196,1.8,0.8,2.6,10.0,10,1.6,1.2,1.4,9.0,10,False,False
2023-11-11,Wolves,Tottenham,2,1,H,2023/24,1460.277618174225,1574.9727426049944,1.6,1.4,1.6,7.0,11,1.6,1.2,2.4,5.0,11,False,False
2023-11-11,Arsenal,Burnley,3,1,H,2023/24,1633.2263028180948,1430.601792445087,2.4,0.6,2.0,7.0,11,0.8,2.4,0.6,7.0,11,False,True
2023-11-11,Crystal Palace,Everton,2,3,A,2023/24,1491.14655509708,1436.628317977298,0.8,1.2,1.4,7.0,11,1.2,1.0,1.4,7.0,11,False,False
2023-11-11,Man United,Luton,1,0,H,2023/24,1578.8526589806943,1451.2997155760154,1.0,1.2,1.8,7.0,11,1.0,1.8,0.4,6.0,11,False,True
2023-11-11,Bournemouth,Newcastle,2,0,H,2023/24,1398.1652437078899,1598.1489507121328,0.8,3.2,0.6,7.0,11,2.2,0.8,2.2,7.0,11,False,False
2023-11-12,Chelsea,Man City,4,4,D,2023/24,1469.9711579840075,1678.2570188333161,2.4,1.2,2.0,6.0,11,2.4,1.0,1.8,8.0,11,False,False
2023-11-12,West Ham,Nott'm Forest,3,2,H,2023/24,1459.228550837646,1464.820206494397,1.4,2.0,0.8,8.0,11,1.0,1.2,1.2,7.0,11,False,False
2023-11-12,Aston Villa,Fulham,3,1,H,2023/24,1574.0811929495626,1480.2322913168086,2.8,1.2,2.0,7.0,11,0.8,1.4,0.8,8.0,11,False,False
2023-11-12,Brighton,Sheffield United,1,1,D,2023/24,1544.9050131721556,1435.2079298518697,1.2,2.4,0.6,8.0,11,0.8,2.6,0.6,8.0,11,False,True
2023-11-12,Liverpool,Brentford,3,0,H,2023/24,1606.3513614192348,1539.1891496036865,1.8,1.0,1.6,7.0,11,2.0,1.0,2.0,8.0,11,False,False
2023-11-25,Sheffield United,Bournemouth,1,3,A,2023/24,1440.6036860116085,1410.9661115479928,1.0,2.4,0.8,13.0,12,1.2,2.4,1.2,14.0,12,True,False
2023-11-25,Man City,Liverpool,1,1,D,2023/24,1675.2374468712876,1611.879867917399,3.0,1.4,2.0,13.0,12,2.2,0.6,2.2,13.0,12,False,False
2023-11-25,Burnley,West Ham,1,2,A,2023/24,1427.620729442445,1466.5762209116635,0.6,2.8,0.0,14.0,12,1.6,2.4,0.8,13.0,12,True,False
2023-11-25,Luton,Crystal Palace,2,1,H,2023/24,1447.0496441400144,1476.9709043755943,0.8,1.6,0.4,14.0,12,1.0,1.8,0.8,14.0,12,True,False
2023-11-25,Newcastle,Chelsea,4,1,H,2023/24,1585.3480828720299,1472.990729946036,1.8,1.2,1.6,14.0,12,2.8,2.0,1.6,13.0,12,False,False
2023-11-25,Nott'm Forest,Brighton,2,3,A,2023/24,1457.4725364203796,1539.5092570124168,1.2,1.6,1.0,13.0,12,1.2,1.4,0.8,13.0,12,False,False
2023-11-25,Brentford,Arsenal,0,1,A,2023/24,1533.6606431055222,1636.2073658207369,1.8,1.4,1.8,13.0,12,2.2,0.8,2.0,14.0,12,False,False
2023-11-26,Everton,Man United,0,3,A,2023/24,1450.8039686987836,1583.1027304166953,1.6,1.0,2.0,15.0,12,1.2,1.0,2.4,15.0,12,False,False
2023-11-26,Tottenham,Aston Villa,1,2,A,2023/24,1564.5500349617223,1579.0167041752893,1.4,1.4,1.8,15.0,12,2.2,1.2,2.0,14.0,12,False,False
2023-11-27,Fulham,Wolves,3,2,H,2023/24,1475.296780091082,1470.700325817497,1.0,1.6,0.8,15.0,12,1.6,1.4,1.6,16.0,12,False,False
2023-12-02,Arsenal,Wolves,2,1,H,2023/24,1646.134066561515,1463.6230835051683,2.2,0.8,2.0,7.0,13,1.8,1.8,1.4,5.0,13,False,False
2023-12-02,Brentford,Luton,3,1,H,2023/24,1523.733942364744,1455.0595315534981,1.6,1.2,1.8,7.0,13,1.2,1.6,1.0,7.0,13,False,True
2023-12-02,Burnley,Sheffield United,5,0,H,2023/24,1415.8815866358195,1427.0364482506427,0.6,2.4,0.0,7.0,13,1.0,2.4,0.8,7.0,13,True,True
2023-12-02,Nott'm Forest,Everton,0,1,A,2023/24,1446.9559718801652,1441.7309329968948,1.6,2.2,0.8,7.0,13,1.0,1.6,1.4,6.0,13,False,False
2023-12-02,Newcastle,Man United,1,0,H,2023/24,1589.8982747248212,1592.175766118584,2.2,1.0,2.0,7.0,13,1.4,0.8,2.4,6.0,13,False,False
2023-12-03,West Ham,Crystal Palace,1,1,D,2023/24,1478.315363718289,1468.9610169621105,1.6,2.2,1.2,8.0,13,1.2,2.2,0.6,8.0,13,False,False
2023-12-03,Bournemouth,Aston Villa,2,2,D,2023/24,1424.5333493089586,1591.429993188991,1.8,2.0,1.8,8.0,13,2.4,1.2,2.4,7.0,13,False,False
2023-12-03,Chelsea,Brighton,3,2,H,2023/24,1468.4405380932446,1550.0258215526312,2.2,2.6,1.0,8.0,13,1.4,1.4,1.2,8.0,13,False,False
2023-12-03,Liverpool,Fulham,4,3,H,2023/24,1616.2633226500063,1482.3740224034107,2.0,0.4,2.2,8.0,13,1.0,1.8,0.8,6.0,13,False,False
2023-12-03,Man City,Tottenham,3,3,D,2023/24,1670.8539921386803,1552.1367459480207,3.2,1.4,2.2,8.0,13,1.4,1.8,1.2,7.0,13,False,False
2023-12-05,Luton,Arsenal,3,4,A,2023/24,1449.5657793665812,1649.420922686372,1.0,1.8,0.8,3.0,14,2.2,0.6,2.4,3.0,14,True,False
2023-12-05,Wolves,Burnley,1,0,H,2023/24,1460.3362273803114,1423.3787363636086,1.6,2.0,0.8,3.0,14,1.6,1.8,0.6,3.0,14,False,True
2023-12-06,Brighton,Brentford,2,1,H,2023/24,1540.5553439495193,1529.227694551661,1.6,1.6,1.2,3.0,14,1.6,1.4,1.8,4.0,14,False,False
2023-12-06,Crystal Palace,Bournemouth,0,2,A,2023/24,1472.008512355389,1426.4353430528297,1.4,1.6,0.8,3.0,14,2.0,2.0,2.0,3.0,14,False,False
2023-12-06,Fulham,Nott'm Forest,5,0,H,2023/24,1478.2447495987888,1434.016676357722,1.6,2.2,0.8,3.0,14,1.2,2.0,0.6,4.0,14,False,False
2023-12-06,Sheffield United,Liverpool,0,2,A,2023/24,1419.5392985228536,1620.3925954546282,0.8,3.0,0.8,4.0,14,2.4,1.0,2.2,3.0,14,True,False
2023-12-06,Aston Villa,Man City,1,0,H,2023/24,1589.5279994451198,1665.2767840448178,2.0,1.4,2.0,3.0,14,3.4,1.8,1.8,3.0,14,False,False
2023-12-06,Man United,Chelsea,2,1,H,2023/24,1584.9165483901172,1477.9110156963566,1.0,0.8,1.8,4.0,14,2.4,2.6,1.4,3.0,14,False,False
2023-12-07,Everton,Newcastle,3,0,H,2023/24,1454.670228519338,1597.1574924532881,1.2,1.2,2.0,5.0,14,1.6,1.0,2.0,5.0,14,False,False
2023-12-07,Tottenham,West Ham,1,2,A,2023/24,1557.7139540418832,1475.2678683250106,1.6,2.4,0.8,4.0,14,1.6,1.6,1.4,4.0,14,False,False
2023-12-09,Wolves,Nott'm Forest,1,1,D,2023/24,1466.5865138453419,1427.944804761747,1.4,1.6,1.2,4.0,15,1.2,2.4,0.6,3.0,15,False,False
2023-12-09,Aston Villa,Arsenal,1,0,H,2023/24,1598.8311247428921,1656.6234652717603,1.6,1.2,2.0,3.0,15,2.0,1.2,2.4,4.0,15,False,False
2023-12-09,Man United,Bournemouth,0,3,A,2023/24,1589.5759362022382,1440.3961627586514,1.4,0.4,2.4,3.0,15,2.0,1.8,2.0,3.0,15,False,False
2023-12-09,Brighton,Burnley,1,1,D,2023/24,1547.4564167092537,1417.128449898578,1.8,1.6,1.6,3.0,15,1.4,1.6,0.6,4.0,15,False,True
2023-12-09,Crystal Palace,Liverpool,1,2,A,2023/24,1458.0476926495674,1627.5686784858658,1.2,1.6,0.8,3.0,15,2.2,1.0,2.2,3.0,15,False,False
2023-12-09,Sheffield United,Brentford,1,0,H,2023/24,1412.363215491616,1522.3266217919265,0.8,2.4,0.8,3.0,15,1.4,1.8,1.2,3.0,15,True,False
2023-12-10,Everton,Chelsea,2,0,H,2023/24,1465.887050700751,1473.2516278842356,1.6,1.2,2.0,3.0,15,2.6,2.6,1.4,4.0,15,False,False
2023-12-10,Fulham,West Ham,5,0,H,2023/24,1484.3166211947637,1490.084303705123,2.4,2.0,1.2,4.0,15,2.0,1.6,2.0,3.0,15,False,False
2023-12-10,Luton,Man City,1,2,A,2023/24,1442.3632367811929,1655.9736587470454,1.4,2.0,0.8,5.0,15,2.8,2.0,1.2,4.0,15,True,False
2023-12-10,Tottenham,Newcastle,4,1,H,2023/24,1542.8975186617708,1585.9406702718752,1.4,2.6,0.2,3.0,15,1.2,1.2,1.8,3.0,15,False,False
2023-12-15,Nott'm Forest,Tottenham,0,2,A,2023/24,1431.7361022237521,1551.2726982837653,1.0,2.6,0.2,6.0,16,2.0,2.0,0.8,5.0,16,False,False
2023-12-16,Newcastle,Fulham,3,0,H,2023/24,1577.5654906498808,1491.6690019434348,1.2,2.0,1.2,6.0,16,3.4,1.8,1.8,6.0,16,False,False
2023-12-16,Burnley,Everton,0,2,A,2023/24,1422.931597623162,1473.2822236383324,1.6,1.4,0.8,7.0,16,1.8,1.0,2.4,6.0,16,True,False
2023-12-16,Man City,Crystal Palace,2,2,D,2023/24,1662.8154593027255,1450.0223826781526,2.0,2.0,1.2,6.0,16,1.0,2.0,0.2,7.0,16,False,False
2023-12-16,Chelsea,Sheffield United,2,0,H,2023/24,1465.8564549466541,1422.6499067924624,1.8,2.8,0.8,6.0,16,0.6,2.2,0.8,7.0,16,False,True
2023-12-17,Arsenal,Brighton,2,0,H,2023/24,1647.832358173282,1541.65326898467,2.0,1.2,2.4,8.0,16,1.8,1.6,1.6,8.0,16,False,False
2023-12-17,Brentford,Aston Villa,1,2,A,2023/24,1512.0399304910802,1607.6222318413704,0.8,1.6,0.6,8.0,16,1.8,0.8,2.6,8.0,16,False,False
2023-12-17,West Ham,Wolves,3,0,H,2023/24,1482.7319229564519,1462.7952163833368,1.6,2.0,2.0,7.0,16,1.4,1.4,1.4,8.0,16,False,False
2023-12-17,Liverpool,Man United,0,0,D,2023/24,1635.5939884572808,1573.4242353799912,2.4,1.0,2.6,8.0,16,1.2,1.0,1.8,8.0,16,False,False
2023-12-21,Crystal Palace,Brighton,1,1,D,2023/24,1457.1867772564462,1536.976857170301,1.0,1.8,0.4,5.0,17,1.6,1.8,1.4,4.0,17,False,False
2023-12-22,Aston Villa,Sheffield United,1,1,D,2023/24,1617.7493765775935,1416.5531414248503,1.6,0.8,2.6,5.0,17,0.4,2.4,0.6,6.0,17,False,True
2023-12-23,Liverpool,Arsenal,1,1,D,2023/24,1631.2381942611723,1652.508769987651,1.8,1.0,2.2,6.0,17,1.8,1.0,2.4,6.0,17,False,False
2023-12-23,Nott'm Forest,Bournemouth,2,3,A,2023/24,1422.297818752255,1456.5478635808984,0.6,2.4,0.2,8.0,17,2.4,0.6,2.6,14.0,16,False,False
2023-12-23,Tottenham,Everton,2,1,H,2023/24,1560.7109817552625,1484.7015988907467,2.2,1.6,1.4,8.0,17,1.6,0.6,2.4,7.0,17,False,False
2023-12-23,Fulham,Burnley,0,2,A,2023/24,1486.561344211077,1411.5122223707476,3.2,1.8,1.8,7.0,17,1.4,1.2,0.8,7.0,17,False,True
2023-12-23,Luton,Newcastle,1,0,H,2023/24,1435.5214362255128,1582.6731483822384,1.4,2.2,0.6,13.0,16,1.8,1.6,1.8,7.0,17,True,False
2023-12-23,West Ham,Man United,2,0,H,2023/24,1489.4107551581883,1577.7800295760997,1.6,1.6,2.0,6.0,17,1.0,1.0,1.4,6.0,17,False,False
2023-12-24,Wolves,Chelsea,2,1,H,2023/24,1456.1163841816003,1471.9532203142662,1.0,1.8,0.8,7.0,17,1.4,2.0,1.2,8.0,17,False,False
2023-12-26,Newcastle,Nott'm Forest,1,3,A,2023/24,1571.324284064177,1410.4276552690683,1.0,1.6,1.2,3.0,18,0.6,2.4,0.2,3.0,18,False,False
2023-12-26,Bournemouth,Fulham,3,0,H,2023/24,1468.418027064085,1471.9100903753751,2.6,1.0,2.6,3.0,17,2.6,1.8,1.2,3.0,18,False,False
2023-12-26,Sheffield United,Luton,2,3,A,2023/24,1423.5511616981055,1446.8703005435743,0.4,2.0,0.8,4.0,18,1.6,2.0,1.2,3.0,17,True,True
2023-12-26,Burnley,Liverpool,0,2,A,2023/24,1426.1634762064496,1629.0101841670805,1.6,0.8,1.4,3.0,18,1.8,1.0,2.2,3.0,18,True,False
2023-12-26,Man United,Aston Villa,3,2,H,2023/24,1568.114663776089,1610.7513563043383,0.4,1.4,0.8,3.0,18,1.4,0.8,2.2,4.0,18,False,False
2023-12-27,Chelsea,Crystal Palace,2,1,H,2023/24,1464.329334338348,1456.6057441798791,1.4,1.6,1.2,3.0,18,1.0,1.6,0.6,6.0,18,False,False
2023-12-27,Everton,Man City,1,3,A,2023/24,1479.3744840322047,1655.6510647244318,1.8,0.4,2.4,4.0,18,1.6,1.6,1.2,11.0,17,False,False
2023-12-27,Brentford,Wolves,1,4,A,2023/24,1501.9127857548572,1463.7402701575186,1.0,1.4,0.6,10.0,17,1.0,1.4,1.4,3.0,18,False,False
2023-12-28,Brighton,Tottenham,4,2,H,2023/24,1537.557890246868,1566.0380966138046,1.2,1.6,1.0,7.0,18,2.4,1.4,2.0,5.0,18,False,False
2023-12-28,Arsenal,West Ham,0,2,A,2023/24,1654.7367800817428,1499.076120958199,1.8,1.2,2.0,5.0,18,1.6,1.4,2.0,5.0,18,False,False
2023-12-30,Luton,Chelsea,2,3,A,2023/24,1459.0422021024683,1471.3244774285474,1.8,2.2,1.2,4.0,18,1.2,1.4,1.2,3.0,19,True,False
2023-12-30,Aston Villa,Burnley,3,2,H,2023/24,1602.3875644912691,1419.0401067985736,1.4,1.0,2.0,4.0,19,0.6,1.2,0.8,4.0,19,False,True
2023-12-30,Crystal Palace,Brentford,3,1,H,2023/24,1449.6106010896797,1488.1330575587897,1.0,1.8,0.4,3.0,19,1.2,2.0,0.6,3.0,18,False,False
2023-12-30,Man City,Sheffield United,2,0,H,2023/24,1663.4902531960256,1411.3792601392115,2.0,1.6,1.6,3.0,18,0.8,1.6,0.8,4.0,19,False,True
2023-12-30,Wolves,Everton,3,0,H,2023/24,1477.519998353586,1471.5352955606108,1.6,1.2,2.0,3.0,19,1.8,1.0,1.8,3.0,19,False,False
2023-12-30,Nott'm Forest,Man United,2,1,H,2023/24,1426.7846353022135,1576.478455589158,1.2,2.4,0.8,4.0,19,1.0,1.6,1.4,4.0,19,False,False
2023-12-31,Tottenham,Bournemouth,3,1,H,2023/24,1558.068010272117,1475.7096078386678,2.2,1.6,1.8,3.0,19,2.6,0.8,2.6,5.0,18,False,False
2023-12-31,Fulham,Arsenal,2,1,H,2023/24,1464.6185096007923,1638.470464070753,2.0,1.6,1.2,5.0,19,1.4,1.4,1.4,3.0,19,False,False
2024-01-01,Liverpool,Newcastle,4,2,H,2023/24,1636.1335535749565,1554.9673040310317,1.4,0.4,2.2,6.0,19,1.0,2.2,0.6,6.0,19,False,False
2024-01-02,West Ham,Brighton,0,0,D,2023/24,1515.3424369691888,1545.5279765885557,1.8,1.2,2.4,5.0,19,1.6,1.4,1.6,5.0,19,False,False
2024-01-12,Burnley,Luton,1,1,D,2023/24,1415.7664549660747,1446.5697932963626,1.0,1.6,0.8,13.0,20,2.0,2.2,1.2,13.0,19,True,True
2024-01-13,Chelsea,Fulham,1,0,H,2023/24,1483.7968862346531,1476.712693786652,1.6,1.4,1.8,14.0,20,1.4,1.8,1.2,13.0,20,False,False
2024-01-13,Newcastle,Man City,2,3,A,2023/24,1549.7553979929612,1665.8183727671783,1.4,2.4,0.6,12.0,20,1.8,1.0,2.0,14.0,19,False,False
2024-01-14,Man United,Tottenham,2,2,D,2023/24,1565.0578268645572,1563.2535133997394,0.8,1.8,0.8,15.0,20,2.6,1.4,2.4,14.0,20,False,False
2024-01-14,Everton,Aston Villa,0,0,D,2023/24,1464.4945540988788,1605.661216323768,1.2,1.6,1.2,15.0,20,1.8,1.4,2.0,15.0,20,False,False
2024-01-20,Arsenal,Crystal Palace,5,0,H,2023/24,1626.3762798848934,1457.859374140264,0.8,1.2,0.8,20.0,20,1.6,1.6,1.0,21.0,20,False,False
2024-01-20,Brentford,Nott'm Forest,3,2,H,2023/24,1479.8842845082054,1438.2052640268143,0.8,2.4,0.0,21.0,19,1.6,1.6,1.4,21.0,20,False,False
2024-01-21,Sheffield United,West Ham,2,2,D,2023/24,1409.0511405680588,1513.3596307974744,0.8,1.6,0.8,22.0,20,1.4,1.0,2.0,19.0,20,True,False
2024-01-21,Bournemouth,Liverpool,0,4,A,2023/24,1470.5241047110453,1641.345459613027,2.4,1.0,2.4,21.0,19,1.8,0.8,2.2,20.0,20,False,False
2024-01-22,Brighton,Wolves,0,0,D,2023/24,1547.51078276027,1484.5607398153181,1.2,1.2,1.2,20.0,20,2.0,1.2,2.0,23.0,20,False,False
2024-01-30,Nott'm Forest,Arsenal,1,2,A,2023/24,1432.0711673477877,1629.8904217770962,1.8,2.0,1.2,10.0,21,1.8,1.0,1.4,10.0,21,False,False
2024-01-30,Fulham,Everton,0,0,D,2023/24,1469.7007997751791,1465.6739119573597,0.4,2.0,0.6,17.0,21,0.8,1.6,0.8,16.0,21,False,False
2024-01-30,Luton,Brighton,4,0,H,2023/24,1448.535510874994,1543.1368088787262,1.6,1.6,1.4,18.0,20,1.0,1.0,1.2,8.0,21,True,False
2024-01-30,Crystal Palace,Sheffield United,3,2,H,2023/24,1454.3452322480612,1409.1751425289522,1.4,2.2,1.0,10.0,21,1.0,2.0,0.4,9.0,21,False,True
2024-01-30,Aston Villa,Newcastle,1,3,A,2023/24,1604.4818584652871,1540.2173984449357,1.6,1.4,1.6,16.0,21,1.6,2.2,0.6,17.0,21,False,False
2024-01-31,Liverpool,Chelsea,4,1,H,2023/24,1649.3348281388169,1490.808780246126,2.2,0.6,2.2,10.0,21,1.8,1.0,2.4,18.0,21,False,False
2024-01-31,Man City,Burnley,3,1,H,2023/24,1675.3563723152038,1413.8007373874432,2.4,1.2,2.6,18.0,20,1.0,1.6,0.8,19.0,21,False,True
2024-01-31,Tottenham,Brentford,3,2,H,2023/24,1566.1026004874632,1486.018381187232,2.2,1.6,2.0,17.0,21,1.2,2.4,0.6,11.0,20,False,False
2024-02-01,West Ham,Bournemouth,1,1,D,2023/24,1513.235628836581,1462.5347361852555,1.8,0.4,2.2,11.0,21,2.0,1.8,1.8,11.0,20,False,False
2024-02-01,Wolves,Man United,3,4,A,2023/24,1488.934713696862,1562.2087397768335,1.8,1.0,2.0,10.0,21,1.2,1.6,1.0,18.0,21,False,False
2024-02-03,Everton,Tottenham,2,2,D,2023/24,1468.5816694425757,1571.3385457562379,0.4,1.6,0.4,4.0,22,2.4,2.0,2.0,3.0,22,False,False
2024-02-03,Brighton,Crystal Palace,4,1,H,2023/24,1533.2921835080024,1460.394198533717,1.0,1.4,1.2,4.0,22,1.6,2.2,1.4,4.0,22,False,False
2024-02-03,Burnley,Fulham,2,2,D,2023/24,1411.5821471263225,1466.793042289963,1.2,1.8,0.8,3.0,22,0.4,1.4,0.8,4.0,22,True,False
2024-02-03,Newcastle,Luton,4,4,D,2023/24,1554.621915725201,1458.380136245718,1.6,2.4,0.6,4.0,22,2.2,1.2,2.0,4.0,21,False,True
2024-02-03,Sheffield United,Aston Villa,0,5,A,2023/24,1403.1261762432964,1590.0773411850219,1.4,2.2,0.4,4.0,22,1.4,1.8,1.0,4.0,22,True,False
2024-02-04,Arsenal,Liverpool,3,1,H,2023/24,1637.1470643072023,1653.0186825080027,1.8,1.2,1.4,5.0,22,3.0,0.8,2.6,4.0,22,False,False
2024-02-04,Man United,West Ham,3,0,H,2023/24,1572.9764614760725,1509.1511071947562,2.0,2.2,1.4,3.0,22,1.4,0.6,1.8,3.0,22,False,False
2024-02-04,Chelsea,Wolves,2,4,A,2023/24,1487.12492587694,1478.166991997623,1.6,1.8,1.8,4.0,22,2.4,1.2,2.0,3.0,22,False,False
2024-02-04,Bournemouth,Nott'm Forest,1,1,D,2023/24,1466.6192578270804,1424.8145248176816,1.6,2.0,1.4,3.0,21,2.0,2.0,1.2,5.0,22,False,False
2024-02-05,Brentford,Man City,1,3,A,2023/24,1480.7824359184574,1677.5749625763244,1.6,2.8,0.6,5.0,21,2.6,1.2,2.6,5.0,21,False,False
2024-02-10,Man City,Everton,2,0,H,2023/24,1684.8589547436059,1468.6610170560477,2.8,1.0,3.0,5.0,22,0.6,1.6,0.6,7.0,23,False,False
2024-02-10,Fulham,Bournemouth,3,1,H,2023/24,1468.0750822782934,1462.750277401346,0.8,1.4,1.0,7.0,23,1.2,1.8,1.0,6.0,22,False,False
2024-02-10,Liverpool,Burnley,3,1,H,2023/24,1645.3938519229805,1410.3001071379922,3.0,1.2,2.4,6.0,23,1.2,2.2,0.4,7.0,23,False,True
2024-02-10,Luton,Sheffield United,1,3,A,2023/24,1463.495653628751,1395.5778591048518,2.8,2.0,1.6,7.0,22,1.2,3.0,0.2,7.0,23,True,True
2024-02-10,Tottenham,Brighton,2,1,H,2023/24,1571.2591981427659,1538.689589150785,2.4,2.2,1.6,7.0,23,1.6,1.4,1.6,7.0,23,False,False
2024-02-10,Wolves,Brentford,0,2,A,2023/24,1491.2041337585697,1473.498443751176,2.8,1.4,2.0,6.0,23,1.6,3.0,0.6,5.0,22,False,False
2024-02-10,Nott'm Forest,Newcastle,2,3,A,2023/24,1428.683505243416,1549.506398342168,1.8,1.6,1.4,6.0,23,2.4,3.0,0.8,7.0,23,False,False
2024-02-11,Aston Villa,Man United,1,2,A,2023/24,1597.6256583234665,1578.5821365069933,2.2,1.6,1.4,8.0,23,2.6,1.8,2.0,7.0,23,False,False
2024-02-11,West Ham,Arsenal,0,6,A,2023/24,1503.5454321638354,1644.7718948922245,1.0,1.2,1.2,7.0,23,2.2,1.2,1.8,7.0,23,False,False
2024-02-12,Crystal Palace,Chelsea,1,3,A,2023/24,1454.9967928909343,1474.0877841159934,1.6,2.8,1.2,9.0,23,1.8,2.2,1.8,8.0,23,False,False
2024-02-17,Brentford,Liverpool,1,4,A,2023/24,1486.7623593029157,1647.9311785087623,1.8,2.2,1.2,7.0,23,3.2,1.4,2.4,7.0,24,False,False
2024-02-17,Burnley,Arsenal,0,5,A,2023/24,1407.7627805522104,1653.5908398112315,1.4,2.4,0.4,7.0,24,3.4,0.8,2.4,6.0,24,True,False
2024-02-17,Fulham,Aston Villa,1,2,A,2023/24,1475.1331635629078,1584.3273823197012,1.4,1.0,1.6,7.0,24,2.0,1.4,1.4,6.0,24,False,False
2024-02-17,Newcastle,Bournemouth,2,2,D,2023/24,1558.9077838665344,1455.6921961167316,2.8,2.8,1.4,7.0,24,0.8,2.4,0.4,7.0,23,False,False
2024-02-17,Nott'm Forest,West Ham,2,0,H,2023/24,1419.2821197190497,1494.7264872448284,1.6,2.0,0.8,7.0,24,0.6,2.4,0.6,6.0,24,False,False
2024-02-17,Tottenham,Wolves,1,2,A,2023/24,1577.61853131735,1477.94021820683,2.4,1.6,2.2,7.0,24,2.0,1.6,1.4,7.0,24,False,False
2024-02-17,Man City,Chelsea,1,1,D,2023/24,1687.6471963136755,1486.3753295923916,2.6,0.8,3.0,7.0,23,2.0,2.2,1.8,5.0,24,False,False
2024-02-18,Luton,Man United,1,2,A,2023/24,1449.0067778730354,1591.8804125107586,2.4,2.2,1.0,8.0,23,2.4,1.6,2.0,7.0,24,True,False
2024-02-18,Sheffield United,Brighton,0,5,A,2023/24,1410.0667348605673,1532.3302559762008,1.4,2.6,0.8,8.0,24,1.0,1.4,1.0,8.0,24,True,False
2024-02-19,Everton,Crystal Palace,1,1,D,2023/24,1465.872775485978,1442.709247414536,0.4,1.4,0.6,9.0,24,1.6,3.0,1.2,7.0,24,False,False
2024-02-20,Man City,Brentford,1,0,H,2023/24,1680.6480654120928,1478.5049716230676,2.4,1.0,2.6,3.0,24,1.8,2.4,1.2,3.0,24,False,False
2024-02-21,Liverpool,Luton,4,1,H,2023/24,1656.1885661886104,1440.2345545518838,3.2,1.2,2.4,4.0,25,2.2,2.0,1.0,3.0,24,False,True
2024-02-24,Aston Villa,Nott'm Forest,4,2,H,2023/24,1594.0628131874987,1428.57652627415,1.8,1.2,1.4,7.0,25,1.6,1.8,0.8,7.0,25,False,False
2024-02-24,Brighton,Everton,1,1,D,2023/24,1541.6903359663945,1462.4692330559817,2.0,1.4,1.4,6.0,25,0.6,1.0,0.8,5.0,25,False,False
2024-02-24,Crystal Palace,Burnley,3,0,H,2023/24,1446.1127898445325,1401.7297838536736,1.2,3.0,0.8,5.0,25,1.0,2.8,0.4,7.0,25,False,True
2024-02-24,Man United,Fulham,1,2,A,2023/24,1600.6526358319102,1465.3977326951103,2.6,1.4,2.6,6.0,25,1.2,1.2,1.0,7.0,25,False,False
2024-02-24,Bournemouth,Man City,0,1,A,2023/24,1460.9543840673232,1683.6361651731347,1.0,2.2,0.6,7.0,24,2.0,0.6,2.6,4.0,25,False,False
2024-02-24,Arsenal,Newcastle,4,1,H,2023/24,1659.6238365097684,1553.6455959159427,4.2,0.4,3.0,7.0,25,2.8,2.4,1.6,7.0,25,False,False
2024-02-25,Wolves,Sheffield United,1,0,H,2023/24,1493.1283933288232,1400.7066548703735,1.8,1.8,1.4,8.0,25,1.4,3.2,0.8,7.0,25,False,True
2024-02-26,West Ham,Brentford,4,2,H,2023/24,1485.432080689728,1475.5168718620257,0.6,2.8,0.4,9.0,25,1.2,2.2,0.6,6.0,25,False,False
2024-03-02,Luton,Aston Villa,2,3,A,2023/24,1437.4429419767694,1597.6277757969162,2.2,2.6,0.8,10.0,25,2.6,1.6,1.8,7.0,26,True,False
2024-03-02,Tottenham,Crystal Palace,3,1,H,2023/24,1562.4303561953568,1452.180890860376,2.0,1.8,1.6,14.0,25,1.8,2.0,1.4,7.0,26,False,False
2024-03-02,Nott'm Forest,Liverpool,0,1,A,2023/24,1425.0115636647324,1658.9801787637248,1.6,2.0,0.8,7.0,26,3.2,1.4,2.4,10.0,26,False,False
2024-03-02,Everton,West Ham,1,3,A,2023/24,1467.214060889682,1492.3699488302786,0.8,1.2,0.8,7.0,26,1.0,2.8,0.8,5.0,26,False,False
2024-03-02,Fulham,Brighton,3,0,H,2023/24,1481.2941589552802,1536.9455081326942,1.6,1.2,1.6,7.0,26,2.2,1.6,1.4,7.0,26,False,False
2024-03-02,Brentford,Chelsea,2,2,D,2023/24,1468.5790037214751,1493.3744604939743,1.2,2.4,0.6,5.0,26,1.6,2.0,1.4,14.0,25,False,False
2024-03-02,Newcastle,Wolves,3,0,H,2023/24,1548.9650402771397,1498.0945092350207,2.6,2.6,1.6,7.0,26,2.0,1.8,1.8,6.0,26,False,False
2024-03-03,Burnley,Bournemouth,0,2,A,2023/24,1395.66168283783,1454.345661151939,0.8,3.2,0.2,8.0,26,1.0,1.6,0.6,8.0,25,True,False
2024-03-03,Man City,Man United,3,1,H,2023/24,1690.2448880885188,1584.7562095717403,1.6,0.4,2.6,8.0,26,2.4,1.4,2.4,8.0,26,False,False
2024-03-04,Sheffield United,Arsenal,0,6,A,2023/24,1395.740538964176,1664.3043921485714,1.0,3.0,0.6,8.0,26,4.0,0.6,3.0,9.0,26,True,False
2024-03-09,Arsenal,Brentford,2,1,H,2023/24,1669.8006806367168,1466.4476267568966,4.8,0.4,3.0,5.0,27,1.4,2.2,0.8,7.0,27,False,False
2024-03-09,Wolves,Fulham,2,1,H,2023/24,1492.1830980735758,1490.024589905493,1.4,1.6,1.8,7.0,27,2.2,1.2,2.0,7.0,27,False,False
2024-03-09,Crystal Palace,Luton,1,1,D,2023/24,1447.587907367802,1429.158079469242,1.4,2.2,0.8,7.0,27,1.8,3.2,0.2,7.0,26,False,True
2024-03-09,Bournemouth,Sheffield United,2,2,D,2023/24,1465.529257913199,1390.2442504760306,1.2,1.4,1.0,6.0,26,0.6,3.6,0.6,5.0,27,False,True
2024-03-09,Man United,Everton,2,0,H,2023/24,1580.0655428131533,1455.0925888858912,1.8,1.4,1.8,6.0,27,1.0,1.8,0.6,7.0,27,False,False
2024-03-10,Aston Villa,Tottenham,0,4,A,2023/24,1605.9126383044436,1567.0233396879307,3.0,1.4,2.4,8.0,27,2.2,1.6,2.0,8.0,26,False,False
2024-03-10,Brighton,Nott'm Forest,1,0,H,2023/24,1528.2150771824813,1418.6871086810424,2.2,1.4,1.4,8.0,27,1.4,1.8,0.8,8.0,27,False,False
2024-03-10,West Ham,Burnley,2,2,D,2023/24,1504.4914208340695,1384.4780860765702,1.4,2.8,1.2,8.0,27,0.6,3.0,0.2,7.0,27,False,True
2024-03-10,Liverpool,Man City,1,1,D,2023/24,1665.3046337474148,1694.9355548471058,2.6,1.2,2.4,8.0,27,1.6,0.4,2.6,7.0,27,False,False
2024-03-11,Chelsea,Newcastle,3,2,H,2023/24,1495.5058374585528,1554.8764514385846,1.8,2.4,1.0,9.0,26,2.6,2.4,1.6,9.0,27,False,False
2024-03-13,Bournemouth,Luton,4,3,H,2023/24,1460.8726852400764,1432.4406043312717,1.4,1.6,1.0,4.0,27,1.2,2.6,0.2,4.0,27,False,True
2024-03-16,Luton,Nott'm Forest,1,1,D,2023/24,1425.9775230377575,1414.0794135563708,1.6,2.8,0.2,3.0,28,1.2,1.8,0.6,6.0,28,True,False
2024-03-16,Fulham,Tottenham,3,0,H,2023/24,1482.8830412917853,1580.8207373849648,2.0,1.2,1.8,7.0,28,2.4,1.2,2.0,6.0,27,False,False
2024-03-16,Burnley,Brentford,2,1,H,2023/24,1390.0809414831922,1463.4771867109966,0.6,3.0,0.2,6.0,28,1.2,2.6,0.2,7.0,28,True,False
2024-03-17,West Ham,Aston Villa,1,1,D,2023/24,1498.8885654274475,1592.1152406074095,1.8,2.6,1.4,7.0,28,2.0,2.2,1.8,7.0,28,False,False
2024-03-30,Newcastle,West Ham,4,3,H,2023/24,1546.0405575625882,1498.6936381621726,2.2,2.2,1.4,19.0,28,2.0,1.6,1.6,13.0,29,False,False
2024-03-30,Bournemouth,Everton,2,1,H,2023/24,1467.3357665335907,1450.7925981193773,2.0,1.6,1.6,17.0,28,0.6,1.8,0.4,21.0,28,False,False
2024-03-30,Chelsea,Burnley,2,2,D,2023/24,1504.3417313345492,1399.3167168946038,2.2,2.0,1.6,19.0,27,0.8,2.6,0.8,14.0,29,False,True
2024-03-30,Nott'm Forest,Crystal Palace,1,1,D,2023/24,1417.1931756066351,1444.3053825057723,1.0,1.4,0.8,14.0,29,1.4,1.6,1.0,21.0,28,False,False
2024-03-30,Sheffield United,Fulham,3,3,D,2023/24,1394.9008231491532,1492.8236841109922,1.0,3.0,0.8,21.0,28,2.0,1.0,1.8,14.0,29,True,False
2024-03-30,Tottenham,Luton,2,1,H,2023/24,1570.8800945657579,1422.8637609874932,2.0,1.4,1.8,14.0,28,1.6,2.6,0.4,14.0,29,False,True
2024-03-30,Aston Villa,Wolves,2,0,H,2023/24,1592.3101678726844,1499.3246466872836,2.0,2.0,2.0,13.0,29,1.0,1.4,1.8,21.0,28,False,False
2024-03-30,Brentford,Man United,1,1,D,2023/24,1454.241411299585,1584.3655335796673,1.2,2.2,0.2,14.0,29,1.6,1.4,1.8,21.0,28,False,False
2024-03-31,Liverpool,Brighton,2,1,H,2023/24,1663.3064968336193,1532.822772307153,2.6,0.8,2.6,21.0,28,1.6,1.2,1.4,21.0,28,False,False
2024-03-31,Man City,Arsenal,0,0,D,2023/24,1696.9336917609012,1672.7711206826168,1.4,0.6,2.2,21.0,28,4.6,0.4,3.0,22.0,28,False,False
2024-04-02,West Ham,Tottenham,1,1,D,2023/24,1492.6974140803934,1574.7492506872632,2.6,2.0,1.6,3.0,30,2.0,1.4,1.8,3.0,29,False,False
2024-04-02,Burnley,Wolves,1,1,D,2023/24,1404.6164599379356,1494.3706359409332,1.2,2.0,1.0,3.0,30,1.0,1.4,1.8,3.0,29,True,False
2024-04-02,Bournemouth,Crystal Palace,1,0,H,2023/24,1474.1017790672627,1446.373017576664,2.0,1.4,2.0,3.0,29,1.4,1.2,1.2,3.0,29,False,False
2024-04-02,Nott'm Forest,Fulham,3,1,H,2023/24,1415.1255405357433,1492.8834682660363,0.8,1.6,0.4,3.0,30,2.4,1.2,2.0,3.0,30,False,False
2024-04-02,Newcastle,Everton,1,1,D,2023/24,1552.0367816443675,1444.0265855857053,2.4,2.4,1.4,3.0,29,0.8,1.8,0.4,3.0,29,False,False
2024-04-03,Arsenal,Luton,2,0,H,2023/24,1676.2000619728942,1418.9946048659879,3.4,0.4,2.6,3.0,29,1.6,2.2,0.4,4.0,30,False,True
2024-04-03,Brentford,Brighton,0,0,D,2023/24,1455.1062870529804,1528.6288925843749,1.4,2.2,0.4,4.0,30,1.6,1.2,1.4,3.0,29,False,False
2024-04-03,Man City,Aston Villa,4,1,H,2023/24,1693.5047504706238,1597.2641786190347,1.2,0.4,2.2,3.0,29,2.0,1.8,2.0,4.0,30,False,False
2024-04-04,Liverpool,Sheffield United,3,1,H,2023/24,1667.5003765563974,1394.841038994109,2.4,0.8,2.6,4.0,29,1.0,3.4,0.4,5.0,29,False,True
2024-04-04,Chelsea,Man United,4,3,H,2023/24,1499.0419882912174,1583.500657826272,2.2,1.6,1.8,5.0,28,1.4,1.4,1.4,5.0,29,False,False
2024-04-06,Brighton,Arsenal,0,3,A,2023/24,1529.3895013718982,1678.468529788091,0.6,1.2,1.0,3.0,30,2.8,0.4,2.6,3.0,30,False,False
2024-04-06,Wolves,West Ham,1,2,A,2023/24,1494.665449004371,1492.1812834540876,0.8,1.4,1.4,4.0,30,2.0,1.8,1.2,4.0,31,False,False
2024-04-06,Luton,Bournemouth,2,1,H,2023/24,1416.726137050791,1480.5825838087599,1.2,2.0,0.4,3.0,31,2.2,1.2,2.6,4.0,30,True,False
2024-04-06,Everton,Burnley,1,0,H,2023/24,1449.3878347675488,1404.3216468744977,0.8,1.8,0.4,4.0,30,1.4,1.6,1.2,4.0,31,False,True
2024-04-06,Aston Villa,Brentford,3,3,D,2023/24,1592.3796703394357,1454.345678265457,1.4,2.2,1.4,3.0,31,1.0,1.4,0.6,3.0,31,False,False
2024-04-06,Crystal Palace,Man City,2,4,A,2023/24,1439.892212835167,1698.3892587502228,1.2,1.2,1.0,4.0,30,1.8,0.6,2.2,3.0,30,False,False
2024-04-06,Fulham,Newcastle,0,1,A,2023/24,1483.5227734540263,1546.675532462524,2.2,1.6,1.4,4.0,31,2.2,2.2,1.4,4.0,30,False,False
2024-04-07,Man United,Liverpool,2,2,D,2023/24,1573.947675166889,1669.595989680255,1.6,2.0,0.8,3.0,30,2.2,0.8,2.6,3.0,30,False,False
2024-04-07,Sheffield United,Chelsea,2,2,D,2023/24,1392.7454258702517,1508.5949709506003,1.2,3.0,0.4,3.0,30,2.4,2.0,1.8,3.0,29,True,False
2024-04-07,Tottenham,Nott'm Forest,3,1,H,2023/24,1575.265381313569,1424.4862353477533,2.0,1.2,2.0,5.0,30,1.0,1.0,1.0,5.0,31,False,False
2024-04-13,Bournemouth,Man United,2,2,D,2023/24,1471.6191423300377,1573.8224301396463,2.0,1.6,2.0,7.0,31,1.8,2.0,1.0,6.0,31,False,False
2024-04-13,Man City,Luton,5,1,H,2023/24,1704.1195104438793,1425.6895785295133,2.4,1.0,2.2,7.0,31,1.4,2.0,0.8,7.0,32,False,True
2024-04-13,Nott'm Forest,Wolves,2,2,D,2023/24,1420.6664681061259,1481.7983926111915,1.2,1.4,1.0,6.0,32,0.8,1.8,0.8,7.0,31,False,False
2024-04-13,Brentford,Sheffield United,2,0,H,2023/24,1460.2940367767953,1393.2012962605195,1.2,1.6,0.6,7.0,32,1.6,3.2,0.6,6.0,31,False,True
2024-04-13,Newcastle,Tottenham,4,0,H,2023/24,1557.7321228951314,1579.0851485551964,2.2,1.4,2.0,7.0,31,2.0,1.2,2.0,6.0,31,False,False
2024-04-13,Burnley,Brighton,1,1,D,2023/24,1398.2701565982068,1520.7927877432621,1.4,1.4,1.2,7.0,32,0.4,1.6,0.8,7.0,31,True,False
2024-04-14,Liverpool,Crystal Palace,0,1,A,2023/24,1669.7212347074976,1434.1619611415103,1.8,1.0,2.2,7.0,31,1.0,2.0,0.4,8.0,31,False,False
2024-04-14,West Ham,Fulham,0,2,A,2023/24,1505.0483398472672,1472.4661830214188,1.8,1.8,1.2,8.0,32,1.6,1.8,0.8,8.0,32,False,False
2024-04-14,Arsenal,Aston Villa,0,2,A,2023/24,1687.065243416727,1586.4313118280975,2.6,0.2,2.6,8.0,31,1.4,2.4,1.0,8.0,32,False,False
2024-04-15,Chelsea,Everton,6,0,H,2023/24,1508.1391005603325,1455.4393250438397,2.6,2.2,1.8,8.0,30,0.8,1.6,0.8,9.0,31,False,False
2024-04-20,Luton,Brentford,1,5,A,2023/24,1423.6554707525258,1465.824143168656,1.0,2.2,0.8,7.0,33,1.4,1.2,1.2,7.0,33,True,False
2024-04-20,Sheffield United,Burnley,1,4,A,2023/24,1387.6711898686588,1398.9175034988793,1.6,2.4,0.6,7.0,32,1.2,1.2,1.2,7.0,33,True,True
2024-04-20,Wolves,Arsenal,0,2,A,2023/24,1482.9124620274881,1671.8569956194833,1.2,1.6,1.0,7.0,32,1.4,0.6,2.0,6.0,32,False,False
2024-04-21,Fulham,Liverpool,1,3,A,2023/24,1486.1071631291873,1652.2526303327215,1.8,1.4,1.4,7.0,33,1.6,1.2,1.6,7.0,32,False,False
2024-04-21,Crystal Palace,West Ham,5,2,H,2023/24,1451.6305655162864,1491.4073597394988,1.0,1.4,1.0,7.0,32,1.4,1.8,1.0,7.0,33,False,False
2024-04-21,Aston Villa,Bournemouth,3,1,H,2023/24,1601.6395596253412,1471.682557200777,1.8,1.6,1.6,7.0,33,2.0,1.6,2.0,8.0,32,False,False
2024-04-21,Everton,Nott'm Forest,2,0,H,2023/24,1449.571667930265,1419.5523986898293,0.6,2.2,0.8,6.0,32,1.6,1.6,1.2,8.0,33,False,False
2024-04-23,Arsenal,Chelsea,5,0,H,2023/24,1679.351463924762,1514.0067576739073,1.4,0.4,2.0,3.0,33,3.4,1.8,2.2,8.0,31,False,False
2024-04-24,Wolves,Bournemouth,0,1,A,2023/24,1475.4179937222095,1467.4786190384707,0.8,1.8,0.4,4.0,33,1.4,1.6,1.4,3.0,33,False,False
2024-04-24,Crystal Palace,Newcastle,2,0,H,2023/24,1459.9143560995199,1565.5063682187333,1.8,1.6,1.4,3.0,33,2.4,1.4,2.0,11.0,32,False,False
2024-04-24,Everton,Liverpool,2,0,H,2023/24,1455.9948458667743,1660.3714835891985,1.0,1.8,1.4,3.0,33,2.0,1.2,2.0,3.0,33,False,False
2024-04-24,Man United,Sheffield United,4,2,H,2023/24,1573.759015268907,1375.1708070716652,2.0,1.8,1.2,11.0,32,1.4,2.8,0.4,4.0,33,False,True
2024-04-25,Brighton,Man City,0,4,A,2023/24,1520.1454408425896,1706.1536182208667,0.6,1.2,1.0,12.0,32,2.8,1.0,2.2,12.0,32,False,False
2024-04-27,Wolves,Luton,2,1,H,2023/24,1462.4074878708655,1412.0061553953483,0.8,1.6,0.4,3.0,34,1.0,3.0,0.6,7.0,34,False,True
2024-04-27,Everton,Brentford,1,0,H,2023/24,1468.9118161262468,1477.4734585258336,1.2,1.4,2.0,3.0,34,2.2,1.0,1.8,7.0,34,False,False
2024-04-27,Newcastle,Sheffield United,5,1,H,2023/24,1555.3454310687255,1372.1303218183693,2.0,1.2,2.0,3.0,33,1.2,3.0,0.2,3.0,34,False,True
2024-04-27,Aston Villa,Chelsea,2,2,D,2023/24,1605.8434977876475,1510.4394068727438,2.2,1.6,2.0,6.0,34,2.8,2.4,1.6,4.0,32,False,False
2024-04-27,Fulham,Crystal Palace,1,1,D,2023/24,1477.9883098727103,1470.0752932495277,1.4,2.0,0.8,6.0,34,2.0,1.4,1.8,3.0,34,False,False
2024-04-27,West Ham,Liverpool,2,2,D,2023/24,1483.1235691562654,1647.454513329726,1.6,2.6,0.8,6.0,34,1.6,1.4,1.4,3.0,34,False,False
2024-04-27,Man United,Burnley,1,1,D,2023/24,1576.7995005222028,1411.417886295873,2.4,2.2,1.2,3.0,33,1.6,1.2,1.2,7.0,34,False,True
2024-04-28,Bournemouth,Brighton,3,0,H,2023/24,1480.4891248898148,1512.5715968161048,1.2,1.4,1.4,4.0,34,0.4,2.0,0.4,3.0,33,False,False
2024-04-28,Tottenham,Arsenal,2,3,A,2023/24,1571.3109032315945,1682.9188147259254,1.2,2.0,1.4,15.0,32,2.4,0.4,2.4,5.0,34,False,False
2024-04-28,Nott'm Forest,Man City,0,2,A,2023/24,1413.12922075332,1713.7274622473515,1.4,1.8,1.0,7.0,34,3.4,0.8,2.6,3.0,33,False,False
2024-05-02,Chelsea,Tottenham,2,0,H,2023/24,1515.5371010831573,1561.644881523222,2.8,2.4,1.6,5.0,33,1.6,2.0,1.4,4.0,33,False,False
2024-05-03,Luton,Everton,1,1,D,2023/24,1406.083490914709,1476.339134325296,1.0,3.0,0.6,6.0,35,1.2,1.2,2.4,6.0,35,True,False
2024-05-04,Man City,Wolves,5,1,H,2023/24,1718.5199630851755,1468.3301523515047,3.8,0.8,3.0,6.0,34,1.0,1.6,0.8,7.0,35,False,False
2024-05-04,Sheffield United,Nott'm Forest,1,3,A,2023/24,1368.8545836250048,1408.336719915496,1.2,3.4,0.2,7.0,35,1.2,2.0,0.8,6.0,35,True,False
2024-05-04,Brentford,Fulham,0,0,D,2023/24,1470.0461403267843,1474.9784939259005,2.0,1.0,1.6,7.0,35,1.0,1.6,0.8,7.0,35,False,False
2024-05-04,Arsenal,Bournemouth,3,0,H,2023/24,1692.5848364342978,1488.558826605292,2.6,0.8,2.4,6.0,35,1.6,1.4,1.4,6.0,35,False,False
2024-05-04,Burnley,Newcastle,1,4,A,2023/24,1417.851158181496,1558.62116926209,1.4,1.0,1.2,7.0,35,2.2,0.8,2.0,7.0,34,True,False
2024-05-05,Brighton,Aston Villa,1,0,H,2023/24,1504.5018951006275,1600.745803577234,0.2,2.2,0.4,7.0,34,2.2,2.0,1.6,8.0,35,False,False
2024-05-05,Chelsea,West Ham,5,0,H,2023/24,1523.9982801339493,1484.954288779436,2.4,1.8,1.6,3.0,34,1.4,2.2,1.0,8.0,35,False,False
2024-05-05,Liverpool,Tottenham,4,2,H,2023/24,1645.6237937065555,1553.18370247243,1.4,1.6,1.0,8.0,35,1.2,2.2,0.8,3.0,34,False,False
2024-05-06,Crystal Palace,Man United,4,0,H,2023/24,1473.0851091963375,1570.3662286365798,2.2,1.4,2.0,9.0,35,2.4,2.2,1.2,9.0,34,False,False
2024-05-11,West Ham,Luton,3,1,H,2023/24,1478.755496198555,1405.2294649564071,1.2,3.0,0.8,6.0,36,1.2,2.8,0.8,8.0,36,False,True
2024-05-11,Wolves,Crystal Palace,1,3,A,2023/24,1465.9791860430164,1483.006855120663,1.0,2.2,0.8,7.0,36,2.6,0.6,2.6,5.0,36,False,False
2024-05-11,Tottenham,Burnley,2,1,H,2023/24,1548.2179809363126,1409.0192567821568,1.4,2.8,0.6,6.0,35,1.4,1.6,1.0,7.0,36,False,True
2024-05-11,Nott'm Forest,Chelsea,2,3,A,2023/24,1420.0611592740795,1530.1970727148303,1.2,2.0,0.8,7.0,36,3.0,1.4,2.0,6.0,35,False,False
2024-05-11,Everton,Sheffield United,1,0,H,2023/24,1477.193160283598,1357.1301442664212,1.2,1.4,2.0,8.0,36,1.0,3.6,0.0,7.0,36,False,True
2024-05-11,Bournemouth,Brentford,1,2,A,2023/24,1485.5981712048178,1467.3761780086365,1.4,1.6,1.4,7.0,36,2.0,1.0,1.6,7.0,36,False,False
2024-05-11,Fulham,Man City,0,4,A,2023/24,1477.6484562440482,1720.8709293936638,0.8,1.0,1.0,7.0,36,4.0,0.8,3.0,7.0,35,False,False
2024-05-11,Newcastle,Brighton,1,1,D,2023/24,1567.4530706614291,1514.3937903078267,2.8,0.8,2.4,7.0,35,0.4,2.2,0.8,6.0,35,False,False
2024-05-12,Man United,Arsenal,0,1,A,2023/24,1560.4444827122543,1695.545491834772,1.8,2.2,1.2,6.0,35,2.6,0.8,2.4,8.0,36,False,False
2024-05-13,Aston Villa,Liverpool,3,3,D,2023/24,1590.8539083700348,1650.5895152426729,2.0,1.4,1.6,8.0,36,1.8,1.6,1.4,8.0,36,False,False
2024-05-14,Tottenham,Man City,0,2,A,2023/24,1552.2480036069078,1726.9673062419902,1.2,2.8,0.6,3.0,36,4.0,0.4,3.0,3.0,36,False,False
2024-05-15,Brighton,Chelsea,1,2,A,2023/24,1518.5347099593978,1539.9054204113397,0.6,1.8,1.0,4.0,36,2.4,1.8,2.0,4.0,36,False,False
2024-05-15,Man United,Newcastle,3,2,H,2023/24,1551.4513476644347,1563.312151009858,1.4,2.0,1.0,3.0,36,2.8,1.0,2.0,4.0,36,False,False
2024-05-19,Sheffield United,Tottenham,0,3,A,2023/24,1352.733980648937,1544.3660447221753,1.0,3.4,0.0,8.0,37,1.2,2.4,0.6,5.0,37,True,False
2024-05-19,Man City,West Ham,3,1,H,2023/24,1734.8492651267227,1484.1386664055024,3.4,0.2,3.0,5.0,37,1.4,3.0,0.8,8.0,37,False,False
2024-05-19,Luton,Fulham,2,4,A,2023/24,1399.8462947494597,1471.5520793957219,1.0,3.2,0.2,8.0,37,0.8,1.6,1.0,8.0,37,True,False
2024-05-19,Liverpool,Wolves,2,0,H,2023/24,1651.743257125478,1453.6354380445505,2.4,2.0,1.6,6.0,37,0.8,2.4,0.6,8.0,37,False,False
2024-05-19,Crystal Palace,Aston Villa,5,0,H,2023/24,1495.350603119129,1589.7001664872296,3.0,0.8,2.6,8.0,37,2.0,1.4,1.6,6.0,37,False,False
2024-05-19,Burnley,Nott'm Forest,1,2,A,2023/24,1404.9892341115617,1410.35281157757,1.6,1.8,1.0,8.0,37,1.4,2.0,0.8,8.0,37,True,False
2024-05-19,Brighton,Man United,0,2,A,2023/24,1506.3094390814722,1558.9675528807893,0.6,2.0,0.8,4.0,37,1.6,2.0,1.4,4.0,37,False,False
2024-05-19,Brentford,Newcastle,2,4,A,2023/24,1480.653364414204,1555.7959457935035,1.8,0.6,2.0,8.0,37,2.4,1.6,1.4,4.0,37,False,False
2024-05-19,Arsenal,Everton,2,1,H,2023/24,1704.5386268825916,1481.5893239010823,2.8,0.4,3.0,7.0,37,1.4,0.2,2.6,8.0,37,False,False
2024-05-19,Chelsea,Bournemouth,2,1,H,2023/24,1552.1306912892653,1472.3209847992505,2.8,1.0,2.6,4.0,37,1.2,1.6,1.2,8.0,37,False,False
2024-08-16,Man United,Fulham,1,0,H,2024/25,1570.3217908610663,1482.3646568236786,1.2,1.6,1.4,89.0,0,1.2,2.0,1.0,89.0,0,False,False
2024-08-17,Ipswich,Liverpool,0,2,A,2024/25,1500.0,1654.7908790060912,1.4,1.4,1.35,7.0,0,2.2,1.8,1.6,90.0,0,True,False
2024-08-17,Arsenal,Wolves,2,0,H,2024/25,1707.2349134959725,1450.5878161639373,2.8,0.6,3.0,90.0,0,0.8,2.4,0.6,90.0,0,False,False
2024-08-17,Everton,Brighton,0,3,A,2024/25,1478.8930372877014,1494.9552011011951,1.2,0.6,2.0,90.0,0,0.6,1.6,0.8,90.0,0,False,False
2024-08-17,Newcastle,Southampton,1,0,H,2024/25,1566.5101815652627,1373.1108658549167,3.2,1.6,2.0,90.0,0,1.8,3.2,0.2,447.0,0,False,True
2024-08-17,Nott'm Forest,Bournemouth,1,1,D,2024/25,1423.0112432469982,1467.0789293719672,1.4,1.8,1.2,90.0,0,1.2,1.4,1.2,90.0,0,False,False
2024-08-17,West Ham,Aston Villa,1,2,A,2024/25,1481.7939124484674,1579.8627847897762,1.6,3.2,0.8,90.0,0,1.6,2.4,1.0,90.0,0,False,False
2024-08-18,Chelsea,Man City,0,2,A,2024/25,1557.3727467165486,1737.1940190837577,2.8,0.8,3.0,91.0,0,3.2,0.4,3.0,91.0,0,False,False
2024-08-18,Brentford,Crystal Palace,2,1,H,2024/25,1469.9391286424448,1505.1879848165822,1.8,1.4,1.4,91.0,0,3.0,0.4,2.6,91.0,0,False,False
2024-08-19,Leicester,Tottenham,1,1,D,2024/25,1420.932113573875,1551.788157361235,1.4,2.2,1.0,449.0,0,1.4,1.8,1.2,92.0,0,True,False
2024-08-24,Southampton,Nott'm Forest,0,1,A,2024/25,1369.9925658895445,1421.4151465141215,1.6,2.8,0.2,7.0,1,1.6,1.6,1.4,7.0,1,True,False
2024-08-24,Tottenham,Everton,4,0,H,2024/25,1550.902376631965,1466.5230434945945,1.6,1.6,1.4,5.0,1,0.8,1.2,1.4,7.0,1,False,False
2024-08-24,Man City,Ipswich,4,1,H,2024/25,1744.936164061702,1491.5640638564819,3.2,0.4,3.0,6.0,1,0.0,2.0,0.0,7.0,1,False,True
2024-08-24,Aston Villa,Arsenal,0,2,A,2024/25,1589.9183665393923,1709.5098536060398,1.4,2.4,1.0,7.0,1,2.2,0.6,3.0,7.0,1,False,False
2024-08-24,Crystal Palace,West Ham,0,2,A,2024/25,1497.0303908195067,1471.7383306988513,2.8,0.8,2.0,6.0,1,1.4,2.6,0.8,7.0,1,False,False
2024-08-24,Brighton,Man United,2,1,H,2024/25,1507.325194894302,1575.3844653960412,1.2,1.0,1.4,7.0,1,1.2,1.4,1.8,8.0,1,False,False
2024-08-24,Fulham,Leicester,2,1,H,2024/25,1477.3019822887038,1421.8178943031453,1.0,1.6,1.0,8.0,1,1.2,2.0,1.0,5.0,1,False,True
2024-08-25,Wolves,Chelsea,2,6,A,2024/25,1448.31287605387,1549.6306017386044,0.8,2.6,0.6,8.0,1,2.4,1.2,2.4,7.0,1,False,False
2024-08-25,Liverpool,Brentford,2,0,H,2024/25,1663.2268151496094,1478.0967226395203,2.6,1.4,2.2,8.0,1,1.2,1.4,1.4,7.0,1,False,False
2024-08-25,Bournemouth,Newcastle,1,1,D,2024/25,1468.675026104844,1569.6284815306349,1.2,1.6,0.8,8.0,1,2.4,1.4,2.0,8.0,1,False,False
2024-08-31,Arsenal,Brighton,1,1,D,2024/25,1718.946562186312,1516.4084480172314,2.0,0.2,3.0,7.0,2,1.4,1.2,1.4,7.0,2,False,False
2024-08-31,Brentford,Southampton,3,1,H,2024/25,1474.8510684623075,1358.603435540629,1.2,1.6,1.4,6.0,2,1.0,2.2,0.2,7.0,2,False,True
2024-08-31,Everton,Bournemouth,2,3,A,2024/25,1461.382099376231,1468.7024686890823,0.6,2.0,0.8,7.0,2,0.8,1.8,0.4,6.0,2,False,False
2024-08-31,Ipswich,Fulham,1,1,D,2024/25,1489.25083639175,1483.1034059396356,0.5,3.0,0.0,7.0,2,1.2,1.6,1.4,7.0,2,True,False
2024-08-31,Leicester,Aston Villa,1,2,A,2024/25,1416.0164706522135,1580.4816579591202,0.8,1.4,1.0,7.0,2,1.0,2.4,0.8,7.0,2,True,False
2024-08-31,Nott'm Forest,Wolves,1,1,D,2024/25,1432.8042768630369,1438.3508030659927,1.8,1.2,2.0,7.0,2,0.8,3.6,0.0,6.0,2,False,False
2024-08-31,West Ham,Man City,1,3,A,2024/25,1485.1959269268402,1747.2493915264338,1.4,2.2,1.2,7.0,2,3.0,0.4,3.0,7.0,2,False,False
2024-09-01,Chelsea,Crystal Palace,1,1,D,2024/25,1559.5926747264816,1483.5727945915178,2.6,1.6,2.4,7.0,2,2.6,1.0,1.8,8.0,2,False,False
2024-09-01,Newcastle,Tottenham,2,1,H,2024/25,1569.6010389463966,1556.0433207503283,1.8,1.4,1.6,7.0,2,2.0,0.8,2.0,8.0,2,False,False
2024-09-01,Man United,Liverpool,0,3,A,2024/25,1566.3012122731118,1666.4724693268222,1.4,1.0,1.8,8.0,2,2.6,1.0,2.6,7.0,2,False,False
2024-09-14,Bournemouth,Chelsea,0,1,A,2024/25,1481.3084817827398,1554.9195534265489,1.4,1.6,1.0,14.0,3,2.2,1.4,2.0,13.0,3,False,False
2024-09-14,Aston Villa,Everton,3,2,H,2024/25,1588.6472042698151,1448.7760862825735,1.4,2.4,1.4,14.0,3,0.8,2.4,0.6,14.0,3,False,False
2024-09-14,Man City,Brentford,2,1,H,2024/25,1752.8963097429441,1479.3230256523332,2.8,0.6,3.0,14.0,3,1.8,1.8,1.8,14.0,3,False,False
2024-09-14,Liverpool,Nott'm Forest,0,1,A,2024/25,1676.4675401529846,1430.150739426404,2.4,0.6,2.6,13.0,3,1.4,1.2,1.6,14.0,3,False,False
2024-09-14,Brighton,Ipswich,0,0,D,2024/25,1523.426123187791,1486.28730492712,1.4,1.2,1.4,14.0,3,0.6666666666666666,2.3333333333333335,0.3333333333333333,14.0,3,False,True
2024-09-14,Crystal Palace,Leicester,2,2,D,2024/25,1488.2459158914505,1407.8509243415185,2.0,1.2,1.4,13.0,3,1.0,1.2,1.0,14.0,3,False,True
2024-09-14,Southampton,Man United,0,3,A,2024/25,1354.1314783506034,1556.3061414469494,1.2,2.4,0.2,14.0,3,1.4,1.4,1.8,13.0,3,True,False
2024-09-14,Fulham,West Ham,1,1,D,2024/25,1486.0669374042657,1479.5490087103299,1.4,1.8,1.4,14.0,3,1.6,1.8,1.2,14.0,3,False,False
2024-09-15,Tottenham,Arsenal,0,1,A,2024/25,1549.2001544954314,1711.9288870157523,1.8,1.0,1.4,14.0,3,1.6,0.4,2.6,15.0,3,False,False
2024-09-15,Wolves,Newcastle,1,2,A,2024/25,1441.0043405026256,1576.4442052012935,0.8,2.8,0.2,15.0,3,2.0,1.4,2.0,14.0,3,False,False
2024-09-21,Southampton,Ipswich,1,1,D,2024/25,1346.9903567154154,1490.0415027894928,1.0,2.4,0.2,7.0,4,0.5,1.75,0.5,7.0,4,True,True
2024-09-21,Crystal Palace,Man United,0,0,D,2024/25,1483.474949481626,1563.4472630821374,1.8,1.4,1.0,7.0,4,1.4,1.0,1.8,7.0,4,False,False
2024-09-21,Tottenham,Brentford,3,1,H,2024/25,1540.986266989274,1477.2372620235362,1.8,0.8,1.4,6.0,4,1.6,2.0,1.2,7.0,4,False,False
2024-09-21,Liverpool,Bournemouth,3,0,H,2024/25,1658.8651554778562,1470.5504045728212,1.8,0.2,2.4,7.0,4,1.2,1.4,1.0,7.0,4,False,False
2024-09-21,West Ham,Chelsea,0,3,A,2024/25,1482.522264344865,1565.6776306364675,1.2,1.8,0.8,7.0,4,2.0,1.2,2.0,7.0,4,False,False
2024-09-21,Fulham,Newcastle,3,1,H,2024/25,1483.0936817697304,1585.4276870267968,1.6,1.2,1.6,7.0,4,2.0,1.0,2.6,6.0,4,False,False
2024-09-21,Aston Villa,Wolves,3,1,H,2024/25,1592.6647858287406,1432.0208586771223,1.4,2.2,1.8,7.0,4,0.8,2.6,0.2,6.0,4,False,False
2024-09-21,Leicester,Everton,1,1,D,2024/25,1412.621890751343,1444.758504723648,1.4,1.6,1.0,7.0,4,1.0,3.0,0.0,7.0,4,True,False
2024-09-22,Brighton,Nott'm Forest,2,2,D,2024/25,1519.6719253254182,1447.7531241015324,1.2,0.8,1.6,8.0,4,1.2,0.6,2.2,8.0,4,False,False
2024-09-22,Man City,Arsenal,2,2,D,2024/25,1754.982073371741,1720.1427745219096,2.8,0.8,3.0,8.0,4,1.6,0.4,2.6,7.0,4,False,False
2024-09-28,Wolves,Liverpool,1,2,A,2024/25,1428.373502611006,1662.0612731125411,1.0,2.8,0.2,7.0,5,2.0,0.2,2.4,7.0,5,False,False
2024-09-28,Nott'm Forest,Fulham,0,1,A,2024/25,1452.3334767811143,1493.1608588305892,1.2,0.8,1.8,6.0,5,1.4,1.0,1.6,7.0,5,False,False
2024-09-28,Everton,Crystal Palace,2,1,H,2024/25,1446.6873026940045,1482.8991439635706,1.0,2.8,0.2,7.0,5,0.8,1.4,0.6,7.0,5,False,False
2024-09-28,Chelsea,Brighton,4,2,H,2024/25,1576.1620786493513,1515.0915726458363,2.2,1.0,2.0,7.0,5,1.6,0.8,1.8,6.0,5,False,False
2024-09-28,Arsenal,Leicester,4,2,H,2024/25,1723.839974286337,1410.6930927809865,1.6,0.6,2.2,6.0,5,1.2,1.6,0.6,7.0,5,False,True
2024-09-28,Newcastle,Man City,1,1,D,2024/25,1575.360509965938,1751.2848736073136,1.4,1.2,2.0,7.0,5,2.6,1.0,2.6,6.0,5,False,False
2024-09-28,Brentford,West Ham,1,1,D,2024/25,1471.6298136526427,1472.0378163319813,1.4,1.8,1.2,7.0,5,1.0,1.8,0.8,7.0,5,False,False
2024-09-29,Ipswich,Aston Villa,2,2,D,2024/25,1488.8086942546333,1596.312141894857,0.6,1.6,0.6,8.0,5,2.0,1.4,2.4,8.0,5,True,False
2024-09-29,Man United,Tottenham,0,3,A,2024/25,1564.0230686001928,1546.5937153601676,1.0,1.0,1.4,8.0,5,1.8,1.0,1.4,8.0,5,False,False
2024-09-30,Bournemouth,Southampton,3,1,H,2024/25,1467.3542869381363,1348.2231652502749,1.0,1.6,1.0,9.0,5,0.4,1.8,0.2,9.0,5,False,True
2024-10-05,Man City,Fulham,3,2,H,2024/25,1749.1337284783563,1504.8477053832273,2.4,1.2,2.2,7.0,6,1.6,0.8,2.2,7.0,6,False,False
2024-10-05,Everton,Newcastle,0,0,D,2024/25,1454.871686401565,1577.5116550948953,1.4,2.4,0.8,7.0,6,1.4,1.4,1.6,7.0,6,False,False
2024-10-05,Leicester,Bournemouth,1,0,H,2024/25,1408.996188493377,1471.7688773515908,1.4,2.2,0.4,7.0,6,1.4,1.6,1.4,5.0,6,True,False
2024-10-05,West Ham,Ipswich,4,1,H,2024/25,1474.8282910375676,1489.0246272676952,1.0,1.6,1.0,7.0,6,1.0,1.6,0.8,6.0,6,False,True
2024-10-05,Arsenal,Southampton,3,1,H,2024/25,1725.5368785739465,1343.8085748368203,2.0,1.0,2.2,7.0,6,0.6,2.2,0.2,5.0,6,False,True
2024-10-05,Crystal Palace,Liverpool,0,1,A,2024/25,1474.71476025601,1668.3927214980376,0.8,1.4,0.6,7.0,6,2.0,0.4,2.4,7.0,6,False,False
2024-10-05,Brentford,Wolves,5,3,H,2024/25,1468.8393389470564,1422.0420542255094,1.2,1.8,0.8,7.0,6,1.2,2.8,0.2,7.0,6,False,False
2024-10-06,Aston Villa,Man United,0,0,D,2024/25,1596.096208881795,1550.7662611939918,2.0,1.6,2.0,7.0,6,0.8,1.6,0.8,7.0,6,False,False
2024-10-06,Chelsea,Nott'm Forest,1,1,D,2024/25,1581.831955794384,1440.6466302284762,3.0,1.0,2.6,8.0,6,1.0,0.8,1.6,8.0,6,False,False
2024-10-06,Brighton,Tottenham,3,2,H,2024/25,1509.4216955008037,1559.8505227663686,1.4,1.6,1.2,8.0,6,2.2,0.8,1.8,7.0,6,False,False
2024-10-19,Newcastle,Brighton,0,1,A,2024/25,1576.8609451743762,1518.0045257862664,1.2,1.2,1.6,14.0,7,1.6,1.8,1.2,13.0,7,False,False
2024-10-19,Man United,Brentford,2,1,H,2024/25,1554.7211770248882,1474.8488552523836,0.6,1.2,1.0,13.0,7,2.2,2.0,1.4,14.0,7,False,False
2024-10-19,Bournemouth,Arsenal,2,0,H,2024/25,1462.8362837035168,1726.7128373713153,1.2,1.6,1.2,14.0,7,2.2,1.2,2.2,14.0,7,False,False
2024-10-19,Fulham,Aston Villa,1,3,A,2024/25,1502.4253119434263,1592.1412930508986,1.6,1.2,1.6,14.0,7,2.0,1.2,2.2,13.0,7,False,False
2024-10-19,Tottenham,West Ham,4,1,H,2024/25,1551.267692480906,1482.4076757437906,1.8,1.4,1.2,13.0,7,1.4,1.8,1.0,14.0,7,False,False
2024-10-19,Ipswich,Everton,0,2,A,2024/25,1481.4452425614722,1455.5223963220842,1.0,1.6,0.8,14.0,7,1.4,1.6,1.0,14.0,7,True,False
2024-10-19,Southampton,Leicester,2,3,A,2024/25,1342.6326160394515,1417.9287821414512,0.8,2.6,0.2,14.0,7,1.4,1.8,1.0,14.0,7,True,True
2024-10-20,Wolves,Man City,1,2,A,2024/25,1416.0325379201822,1751.5561219181573,1.4,2.6,0.2,15.0,7,2.2,1.4,2.2,15.0,7,False,False
2024-10-20,Liverpool,Chelsea,2,1,H,2024/25,1675.7599456865237,1575.8253040206512,1.8,0.4,2.4,15.0,7,2.0,0.8,2.2,14.0,7,False,False
2024-10-21,Nott'm Forest,Crystal Palace,1,0,H,2024/25,1446.653282002209,1467.347536067524,1.0,1.0,1.2,15.0,7,0.8,1.2,0.6,16.0,7,False,False
2024-10-25,Leicester,Nott'm Forest,1,3,A,2024/25,1428.6386198015111,1454.4095133025198,1.8,1.8,1.6,6.0,8,1.0,0.8,1.6,4.0,8,True,False
2024-10-26,Everton,Fulham,1,1,D,2024/25,1468.995967505312,1492.1294005015757,1.4,1.0,1.6,7.0,8,1.6,1.6,1.4,7.0,8,False,False
2024-10-26,Aston Villa,Bournemouth,1,1,D,2024/25,1602.4372044927493,1477.231797671772,2.2,1.2,2.2,7.0,8,1.0,1.2,1.2,7.0,8,False,False
2024-10-26,Brentford,Ipswich,4,3,H,2024/25,1469.6081939326737,1467.9716713782445,1.8,2.2,0.8,7.0,8,0.8,1.8,0.6,7.0,8,False,True
2024-10-26,Brighton,Wolves,2,2,D,2024/25,1532.2827282399571,1411.9340064504022,1.6,1.6,1.6,7.0,8,1.4,2.8,0.0,6.0,8,False,False
2024-10-26,Man City,Southampton,1,0,H,2024/25,1755.6546533879373,1331.9227783793915,2.0,1.4,2.2,6.0,8,1.0,2.6,0.2,7.0,8,False,True
2024-10-27,Arsenal,Liverpool,2,2,D,2024/25,1712.31732340306,1680.5663807748426,2.0,1.4,2.0,8.0,8,1.6,0.6,2.4,7.0,8,False,False
2024-10-27,West Ham,Man United,2,1,H,2024/25,1476.91817990479,1559.9618383445982,1.4,2.0,1.0,8.0,8,1.0,0.8,1.6,8.0,8,False,False
2024-10-27,Chelsea,Newcastle,2,1,H,2024/25,1571.0188689323322,1562.5827427206855,2.0,1.0,2.0,7.0,8,0.8,1.2,1.0,8.0,8,False,False
2024-10-27,Crystal Palace,Tottenham,1,0,H,2024/25,1459.5913047672132,1556.7571883199066,0.6,1.2,0.4,6.0,8,2.4,1.2,1.8,8.0,8,False,False
2024-11-02,Newcastle,Arsenal,1,0,H,2024/25,1555.6062448098967,1708.6971140393034,0.6,1.4,0.4,6.0,9,2.2,1.8,1.6,6.0,9,False,False
2024-11-02,Bournemouth,Man City,2,1,H,2024/25,1482.9363219538984,1756.5898494221071,1.2,1.2,1.4,7.0,9,1.8,1.2,2.2,7.0,9,False,False
2024-11-02,Ipswich,Leicester,1,1,D,2024/25,1460.8163204626717,1416.534058741897,1.4,2.6,0.4,7.0,9,1.6,2.0,1.4,8.0,9,True,True
2024-11-02,Liverpool,Brighton,2,1,H,2024/25,1684.1865901385993,1526.673253536806,2.0,0.8,2.6,6.0,9,2.0,2.0,1.6,7.0,9,False,False
2024-11-02,Nott'm Forest,West Ham,3,0,H,2024/25,1466.514074362134,1486.430524277323,1.4,1.0,1.6,8.0,9,1.6,2.0,1.4,6.0,9,False,False
2024-11-02,Southampton,Everton,1,0,H,2024/25,1330.9875823452217,1466.8189736281488,1.0,2.2,0.2,7.0,9,1.2,0.6,1.8,7.0,9,True,False
2024-11-02,Wolves,Crystal Palace,2,2,D,2024/25,1417.5434811535533,1469.5097341479159,1.6,2.8,0.2,7.0,9,0.4,0.8,0.8,6.0,9,False,False
2024-11-03,Tottenham,Aston Villa,4,1,H,2024/25,1546.838758939204,1596.732680210623,2.4,1.2,1.8,7.0,9,1.8,1.0,1.8,8.0,9,False,False
2024-11-03,Man United,Chelsea,1,1,D,2024/25,1550.449493972065,1577.995366843121,0.6,1.2,1.0,7.0,9,2.2,1.2,2.0,7.0,9,False,False
2024-11-04,Fulham,Brentford,2,1,H,2024/25,1494.3063943787388,1476.7635448482465,1.6,1.6,1.4,9.0,9,2.4,2.4,1.4,9.0,9,False,False
2024-11-09,Liverpool,Aston Villa,2,0,H,2024/25,1687.8879966625125,1588.164933249117,1.8,1.0,2.6,7.0,10,1.4,1.6,1.2,6.0,10,False,False
2024-11-09,Brighton,Man City,2,1,H,2024/25,1522.9718470128928,1741.970132669224,1.8,2.0,1.4,7.0,10,1.6,1.2,2.0,7.0,10,False,False
2024-11-09,Wolves,Southampton,2,0,H,2024/25,1416.1697003176741,1342.0152518345128,1.8,2.6,0.4,7.0,10,1.0,2.0,0.6,7.0,10,False,True
2024-11-09,Brentford,Bournemouth,3,2,H,2024/25,1470.0232721388775,1497.5560387067815,2.4,2.2,1.4,5.0,10,1.6,0.8,2.0,7.0,10,False,False
2024-11-09,Crystal Palace,Fulham,0,2,A,2024/25,1470.883514983795,1501.0466670881078,0.8,1.2,0.8,7.0,10,1.4,1.6,1.4,5.0,10,False,False
2024-11-09,West Ham,Everton,0,0,D,2024/25,1478.6955421975654,1455.7913041388576,1.6,2.0,1.4,7.0,10,1.0,0.6,1.6,7.0,10,False,False
2024-11-10,Man United,Leicester,3,0,H,2024/25,1548.3938102734282,1420.4635060748662,0.8,1.4,1.0,7.0,10,1.6,2.0,1.4,8.0,10,False,True
2024-11-10,Nott'm Forest,Newcastle,1,3,A,2024/25,1474.2490564418915,1567.122539252819,1.6,0.6,2.0,8.0,10,0.6,0.8,1.0,8.0,10,False,False
2024-11-10,Tottenham,Ipswich,1,2,A,2024/25,1555.4065059007098,1456.8868731297025,2.6,1.2,1.8,7.0,10,1.4,2.6,0.4,8.0,10,False,True
2024-11-10,Chelsea,Arsenal,1,1,D,2024/25,1580.0510505417578,1697.180819596381,1.8,1.4,1.6,7.0,10,1.8,1.6,1.4,8.0,10,False,False
2024-11-23,Fulham,Wolves,1,4,A,2024/25,1513.0300922830725,1421.538650442283,1.6,1.6,1.4,14.0,11,2.0,2.2,1.0,14.0,11,False,False
2024-11-23,Man City,Tottenham,0,4,A,2024/25,1728.6730170767953,1540.2427456937005,1.6,1.4,1.8,14.0,11,2.2,1.6,1.2,13.0,11,False,False
2024-11-23,Everton,Brentford,0,0,D,2024/25,1459.188246444717,1477.9672271544218,0.6,0.4,1.2,14.0,11,2.8,2.4,1.8,14.0,11,False,False
2024-11-23,Bournemouth,Brighton,1,2,A,2024/25,1489.612083691237,1536.2689626053216,1.4,1.2,1.4,14.0,11,1.8,1.4,2.0,14.0,11,False,False
2024-11-23,Aston Villa,Crystal Palace,2,2,D,2024/25,1583.3540496277808,1458.9000897888304,1.0,1.6,1.0,14.0,11,0.6,1.2,0.8,14.0,11,False,False
2024-11-23,Arsenal,Nott'm Forest,3,0,H,2024/25,1696.6881843165309,1464.04396755055,1.2,1.4,1.0,13.0,11,1.8,1.0,2.0,13.0,11,False,False
2024-11-23,Leicester,Chelsea,1,2,A,2024/25,1416.220700481474,1580.543685821608,1.2,1.8,1.4,13.0,11,1.2,1.2,1.2,13.0,11,True,False
2024-11-24,Southampton,Liverpool,2,3,A,2024/25,1336.646301709904,1692.6988802838487,0.8,1.8,0.6,15.0,11,1.8,0.8,2.6,15.0,11,True,False
2024-11-24,Ipswich,Man United,1,1,D,2024/25,1472.0506333367118,1552.6366158668204,1.4,2.4,0.8,14.0,11,1.4,0.8,1.6,14.0,11,True,False
2024-11-25,Newcastle,West Ham,0,2,A,2024/25,1577.3276281441606,1475.298599891706,1.0,0.8,1.4,15.0,11,1.4,1.8,1.4,16.0,11,False,False
2024-11-29,Brighton,Southampton,1,1,D,2024/25,1547.7923497310082,1332.9194638048343,1.6,1.2,2.0,6.0,12,1.0,1.8,0.6,5.0,12,False,True
2024-11-30,West Ham,Arsenal,2,5,A,2024/25,1490.5360484318946,1699.256914471957,1.0,1.6,1.4,5.0,12,1.2,1.2,1.0,7.0,12,False,False
2024-11-30,Wolves,Bournemouth,2,4,A,2024/25,1436.552516571155,1478.0886965655504,2.2,1.4,1.6,7.0,12,1.6,1.4,1.4,7.0,12,False,False
2024-11-30,Nott'm Forest,Ipswich,1,0,H,2024/25,1461.4752373951237,1471.4924338411531,1.6,1.4,1.8,7.0,12,1.4,1.8,1.0,6.0,12,False,True
2024-11-30,Crystal Palace,Newcastle,1,1,D,2024/25,1464.5900059087103,1562.090179603972,1.0,1.4,1.0,7.0,12,1.0,1.2,1.2,5.0,12,False,False
2024-11-30,Brentford,Leicester,4,1,H,2024/25,1480.2632813337696,1408.0511987075606,1.8,1.8,1.4,7.0,12,1.2,2.2,0.8,7.0,12,False,True
2024-12-01,Chelsea,Aston Villa,3,0,H,2024/25,1588.7131875955215,1577.6641335079007,1.4,1.2,1.6,8.0,12,1.4,2.0,1.0,8.0,12,False,False
2024-12-01,Man United,Everton,4,0,H,2024/25,1553.1948153623791,1456.8921922653692,1.6,1.0,1.6,7.0,12,0.6,0.4,1.2,8.0,12,False,False
2024-12-01,Tottenham,Fulham,1,1,D,2024/25,1557.0484133902942,1498.0162261542005,2.6,1.0,1.8,8.0,12,1.4,1.8,1.4,8.0,12,False,False
2024-12-01,Liverpool,Man City,2,0,H,2024/25,1696.4257181889184,1711.8673493802016,2.2,1.2,2.6,7.0,12,1.0,1.8,1.2,8.0,12,False,False
2024-12-03,Ipswich,Crystal Palace,0,1,A,2024/25,1464.0259522964514,1464.5180563654903,1.4,1.6,1.0,3.0,13,1.2,1.4,1.2,3.0,13,True,False
2024-12-03,Leicester,West Ham,3,1,H,2024/25,1402.6382191676312,1483.5669949515316,0.8,2.6,0.2,3.0,13,1.2,1.8,1.4,3.0,13,True,False
2024-12-04,Arsenal,Man United,2,0,H,2024/25,1706.2259679523202,1558.0780051434374,2.2,1.2,1.6,4.0,13,2.0,0.8,1.6,3.0,13,False,False
2024-12-04,Southampton,Chelsea,1,5,A,2024/25,1340.1128691862018,1595.6215107170399,0.8,1.4,0.8,5.0,13,1.8,0.8,2.2,3.0,13,True,False
2024-12-04,Aston Villa,Brentford,3,1,H,2024/25,1570.7558103863823,1485.676260873699,0.8,2.4,0.4,3.0,13,2.4,1.6,2.0,4.0,13,False,False
2024-12-04,Man City,Nott'm Forest,3,0,H,2024/25,1704.2541931939618,1468.9417189398255,0.6,2.0,0.6,3.0,13,1.6,1.4,1.8,4.0,13,False,False
2024-12-04,Everton,Wolves,4,0,H,2024/25,1452.009002484311,1424.885497162817,0.2,1.2,0.6,3.0,13,2.4,1.8,1.6,4.0,13,False,False
2024-12-04,Newcastle,Liverpool,3,3,D,2024/25,1562.162129147192,1704.0388743751582,1.2,1.2,1.4,4.0,13,2.2,1.0,2.6,3.0,13,False,False
2024-12-05,Fulham,Brighton,3,1,H,2024/25,1502.2985607679618,1540.5989443496408,1.4,1.4,1.6,4.0,13,1.6,1.4,1.6,6.0,13,False,False
2024-12-05,Bournemouth,Tottenham,1,0,H,2024/25,1489.7557159738883,1552.7660787765328,2.0,1.8,1.4,5.0,13,2.0,1.0,1.4,4.0,13,False,False
2024-12-07,Aston Villa,Southampton,1,0,H,2024/25,1575.8813741488248,1334.3120276470736,1.2,2.4,0.8,3.0,14,1.0,2.2,0.8,3.0,14,False,True
2024-12-07,Brentford,Newcastle,4,2,H,2024/25,1480.5506971112566,1563.3616356860718,1.8,1.6,1.4,3.0,14,1.6,1.4,1.6,3.0,14,False,False
2024-12-07,Crystal Palace,Man City,2,2,D,2024/25,1477.3062987763424,1706.7887316302567,1.2,1.4,1.2,4.0,14,1.0,2.0,0.6,3.0,14,False,False
2024-12-07,Man United,Nott'm Forest,2,3,A,2024/25,1554.2112130384273,1466.4071805035305,1.8,0.8,1.6,3.0,14,1.0,1.8,1.2,3.0,14,False,False
2024-12-08,Leicester,Brighton,2,2,D,2024/25,1412.0898558512167,1532.3563663536931,1.2,2.2,0.8,5.0,14,1.4,1.6,1.4,3.0,14,True,False
2024-12-08,Tottenham,Chelsea,3,4,A,2024/25,1543.8267217707964,1601.422352256168,2.0,1.0,1.4,3.0,14,2.4,0.8,2.2,4.0,14,False,False
2024-12-08,Fulham,Arsenal,1,1,D,2024/25,1510.5411387639094,1710.0927600573302,1.8,1.4,2.0,3.0,14,2.2,0.8,2.0,4.0,14,False,False
2024-12-08,Ipswich,Bournemouth,1,2,A,2024/25,1451.2377098855993,1498.6950729796247,0.8,1.0,1.0,5.0,14,2.0,1.6,1.8,3.0,14,True,False
2024-12-09,West Ham,Wolves,2,1,H,2024/25,1474.115358267946,1418.389419905002,1.0,2.2,0.8,6.0,14,2.0,2.2,1.4,5.0,14,False,False
2024-12-14,Arsenal,Everton,0,0,D,2024/25,1707.3033570109553,1458.505079742126,2.4,0.8,2.2,6.0,15,0.8,1.0,1.0,10.0,14,False,False
2024-12-14,Liverpool,Fulham,2,2,D,2024/25,1702.8393678362784,1513.3305418102843,2.4,1.2,2.6,10.0,14,1.6,1.4,1.6,6.0,15,False,False
2024-12-14,Newcastle,Leicester,4,0,H,2024/25,1553.85597338153,1412.67251221669,1.8,2.2,1.0,7.0,15,1.4,2.4,0.8,6.0,15,False,True
2024-12-14,Wolves,Ipswich,1,2,A,2024/25,1412.593728500775,1439.7368357222902,1.8,2.2,1.2,5.0,15,0.8,1.2,0.8,6.0,15,False,True
2024-12-14,Nott'm Forest,Aston Villa,2,1,H,2024/25,1481.341172836824,1578.337259509157,1.0,2.2,1.2,7.0,15,1.2,1.6,1.4,7.0,15,False,False
2024-12-15,Brighton,Crystal Palace,1,3,A,2024/25,1531.77370998822,1480.8696388043118,1.6,1.6,1.6,7.0,15,1.2,1.4,1.2,8.0,15,False,False
2024-12-15,Man City,Man United,1,2,A,2024/25,1703.2253916022873,1539.277220705134,1.2,2.0,0.8,8.0,15,2.0,1.2,1.4,8.0,15,False,False
2024-12-15,Chelsea,Brentford,2,1,H,2024/25,1612.6368238030798,1490.0563594157984,3.0,1.2,2.6,7.0,15,2.4,1.6,2.0,8.0,15,False,False
2024-12-15,Southampton,Tottenham,0,5,A,2024/25,1331.8561422867413,1532.6122502238848,0.8,2.4,0.2,8.0,15,1.8,1.6,0.8,7.0,15,True,False
2024-12-16,Bournemouth,West Ham,1,1,D,2024/25,1510.1959471429338,1479.911049672173,2.0,1.6,1.8,8.0,15,1.4,1.8,1.4,7.0,15,False,False
2024-12-21,Crystal Palace,Arsenal,1,5,A,2024/25,1494.959031598561,1699.6709926014119,1.8,1.2,1.8,6.0,16,2.2,0.6,2.2,7.0,16,False,False
2024-12-21,West Ham,Brighton,1,1,D,2024/25,1483.4945371811134,1517.6843171939706,1.6,2.0,1.4,5.0,16,1.4,2.0,1.0,6.0,16,False,False
2024-12-21,Ipswich,Newcastle,0,4,A,2024/25,1451.8036194168915,1557.8493559085873,0.8,1.2,0.8,7.0,16,2.0,2.0,1.0,7.0,16,True,False
2024-12-21,Brentford,Nott'm Forest,0,2,A,2024/25,1485.7096979514654,1491.2547154155068,2.0,1.6,1.4,6.0,16,1.2,1.8,1.8,7.0,16,False,False
2024-12-21,Aston Villa,Man City,2,1,H,2024/25,1568.4237169304743,1686.8163663839673,1.4,1.6,1.4,7.0,16,1.2,2.0,0.8,6.0,16,False,False
2024-12-22,Everton,Chelsea,0,0,D,2024/25,1466.1374441516696,1616.9834852674128,0.8,0.8,1.2,8.0,15,3.2,1.2,3.0,7.0,16,False,False
2024-12-22,Fulham,Southampton,0,0,D,2024/25,1520.152839258389,1324.6774848008856,1.6,1.8,1.2,8.0,16,0.8,3.0,0.2,7.0,16,False,True
2024-12-22,Leicester,Wolves,0,3,A,2024/25,1408.6791296896326,1400.5269448061736,1.4,2.6,0.8,8.0,16,1.6,2.6,0.6,8.0,16,True,False
2024-12-22,Man United,Bournemouth,0,3,A,2024/25,1555.686245923454,1506.6124596339935,1.8,1.4,1.4,7.0,16,1.8,1.2,2.0,6.0,16,False,False
2024-12-22,Tottenham,Liverpool,3,6,A,2024/25,1539.7909077097404,1696.0170703881738,2.6,1.2,1.4,7.0,16,2.4,1.4,2.2,8.0,15,False,False
2024-12-26,Liverpool,Leicester,3,1,H,2024/25,1704.4127325820039,1395.6630548290443,3.2,2.0,2.2,4.0,16,1.2,2.8,0.8,4.0,17,False,True
2024-12-26,Wolves,Man United,2,0,H,2024/25,1413.543019666762,1541.6408175494241,1.4,2.4,0.6,4.0,17,1.6,1.8,1.2,4.0,17,False,False
2024-12-26,Southampton,West Ham,0,1,A,2024/25,1331.5905110491462,1481.6226998578745,0.4,2.4,0.4,4.0,17,1.4,2.2,1.0,5.0,17,True,False
2024-12-26,Nott'm Forest,Tottenham,1,0,H,2024/25,1503.9082932194226,1531.3952455159103,1.6,1.2,2.4,5.0,17,2.4,2.4,0.8,4.0,17,False,False
2024-12-26,Chelsea,Fulham,1,2,A,2024/25,1615.5303776851335,1513.2398130101283,2.8,1.0,2.6,4.0,17,1.4,1.0,1.4,4.0,17,False,False
2024-12-26,Bournemouth,Crystal Palace,0,0,D,2024/25,1520.6578880080233,1487.8848295414377,2.2,0.8,2.6,4.0,17,1.6,1.8,1.6,5.0,17,False,False
2024-12-26,Man City,Everton,1,1,D,2024/25,1676.2874773501323,1467.5905517339488,1.4,1.6,0.8,5.0,17,0.8,0.8,1.2,4.0,16,False,False
2024-12-26,Newcastle,Aston Villa,3,0,H,2024/25,1567.6753631856297,1578.9526059643092,2.8,1.6,1.6,5.0,17,1.4,1.4,1.8,5.0,17,False,False
2024-12-27,Brighton,Brentford,0,0,D,2024/25,1519.5561545172095,1473.0561201475496,1.2,2.0,0.6,6.0,17,2.0,2.0,1.2,6.0,17,False,False
2024-12-27,Arsenal,Ipswich,1,0,H,2024/25,1706.7451946585352,1441.977612139849,2.6,0.8,2.2,6.0,17,0.6,1.8,0.6,6.0,17,False,True
2024-12-29,West Ham,Liverpool,0,5,A,2024/25,1490.192529979149,1706.1493604792106,1.2,1.2,1.6,3.0,18,3.2,1.8,2.2,3.0,17,False,False
2024-12-29,Leicester,Man City,0,2,A,2024/25,1393.9264269318376,1669.1809509141956,1.2,2.6,0.8,3.0,18,1.6,1.4,1.0,3.0,18,True,False
2024-12-29,Crystal Palace,Southampton,2,1,H,2024/25,1491.5305748828928,1323.0206809278718,1.4,1.6,1.6,3.0,18,0.2,2.4,0.2,3.0,18,False,True
2024-12-29,Everton,Nott'm Forest,0,2,A,2024/25,1474.6970781698856,1511.850985371659,1.0,1.0,1.2,3.0,17,1.6,1.2,2.4,3.0,18,False,False
2024-12-29,Fulham,Bournemouth,2,2,D,2024/25,1528.4827221274068,1517.0121426665683,1.6,1.0,1.8,3.0,18,1.4,0.4,2.2,3.0,18,False,False
2024-12-29,Tottenham,Wolves,2,2,D,2024/25,1523.452553363674,1424.3499808161077,2.2,2.4,0.6,3.0,18,1.4,1.6,1.2,3.0,18,False,False
2024-12-30,Man United,Newcastle,0,2,A,2024/25,1530.8338564000783,1575.1758149643447,0.8,2.2,0.6,4.0,18,3.2,1.4,2.0,4.0,18,False,False
2024-12-30,Aston Villa,Brighton,2,2,D,2024/25,1571.4521541855943,1515.5728664474627,1.4,1.4,1.8,4.0,18,1.0,1.8,0.6,3.0,18,False,False
2024-12-30,Ipswich,Chelsea,2,0,H,2024/25,1439.7952305142041,1600.2874685678553,0.6,1.8,0.6,3.0,18,2.4,1.4,2.0,4.0,18,True,False
2025-01-01,Brentford,Arsenal,1,3,A,2024/25,1477.0394082172963,1708.92757628418,1.2,1.8,0.8,5.0,18,1.8,0.4,2.2,5.0,18,False,False
2025-01-04,Tottenham,Newcastle,1,2,A,2024/25,1518.2764993151072,1586.764217640583,2.6,2.6,0.8,6.0,19,3.0,0.8,2.4,5.0,19,False,False
2025-01-04,Aston Villa,Leicester,2,1,H,2024/25,1567.2442126981082,1388.58231244165,1.2,1.6,1.4,5.0,19,0.6,2.8,0.2,6.0,19,False,True
2025-01-04,Bournemouth,Everton,1,0,H,2024/25,1520.1147882223227,1462.9076957348261,1.6,0.8,1.8,6.0,19,1.0,0.6,1.2,6.0,18,False,False
2025-01-04,Crystal Palace,Chelsea,1,1,D,2024/25,1495.0448336957168,1588.5637448511127,1.6,1.8,1.6,6.0,19,1.4,1.6,1.4,5.0,19,False,False
2025-01-04,Man City,West Ham,4,1,H,2024/25,1674.5250654043832,1483.411398069226,1.4,1.4,1.0,6.0,19,1.0,1.6,1.6,6.0,19,False,False
2025-01-04,Southampton,Brentford,0,5,A,2024/25,1319.5064221150478,1470.663049115979,0.2,1.8,0.2,6.0,19,1.2,1.8,0.8,3.0,19,True,False
2025-01-04,Brighton,Arsenal,1,1,D,2024/25,1519.7808079349488,1715.3039353854974,1.2,1.6,0.8,5.0,19,2.0,0.6,2.2,3.0,19,False,False
2025-01-05,Liverpool,Man United,2,2,D,2024/25,1712.9304923891336,1519.24545372384,3.8,1.8,2.2,7.0,18,0.8,2.2,0.6,6.0,19,False,False
2025-01-05,Fulham,Ipswich,2,2,D,2024/25,1525.3800765716524,1451.5189542309467,1.4,1.2,1.4,7.0,19,1.0,1.6,1.2,6.0,19,False,True
2025-01-06,Wolves,Nott'm Forest,0,3,A,2024/25,1429.5260348646746,1523.6403678067184,1.8,1.2,1.4,8.0,19,2.0,0.6,3.0,8.0,19,False,False
2025-01-14,Brentford,Man City,2,2,D,2024/25,1479.2011920491627,1677.678153693557,1.4,1.4,0.8,10.0,20,1.8,1.2,1.4,10.0,20,False,False
2025-01-14,Chelsea,Bournemouth,2,2,D,2024/25,1588.7502639489874,1525.8754471392724,0.8,1.2,1.0,10.0,20,1.4,0.6,1.8,10.0,20,False,False
2025-01-14,West Ham,Fulham,3,2,H,2024/25,1480.258309780052,1520.7556612400351,0.8,2.2,1.0,10.0,20,1.6,1.4,1.4,9.0,20,False,False
2025-01-14,Nott'm Forest,Liverpool,1,1,D,2024/25,1533.809754719181,1706.044465631499,2.0,0.2,3.0,8.0,20,3.6,1.6,2.2,9.0,19,False,False
2025-01-15,Everton,Aston Villa,0,1,A,2024/25,1457.1470368178764,1570.5923808821885,0.2,0.8,0.6,11.0,19,1.4,1.8,1.4,11.0,20,False,False
2025-01-15,Leicester,Crystal Palace,0,2,A,2024/25,1385.2341442575696,1494.858314597842,0.4,2.8,0.0,11.0,20,1.4,1.6,1.6,11.0,20,True,False
2025-01-15,Newcastle,Wolves,3,0,H,2024/25,1597.6687350604886,1419.356647952212,3.0,0.2,3.0,11.0,20,1.6,1.4,1.4,9.0,20,False,False
2025-01-15,Arsenal,Tottenham,2,1,H,2024/25,1712.6218020940903,1507.3719818952015,2.0,0.6,2.2,11.0,20,2.2,2.2,0.8,11.0,20,False,False
2025-01-16,Ipswich,Brighton,0,2,A,2024/25,1456.143369562564,1522.462941226356,1.2,1.6,1.4,11.0,20,1.0,1.4,0.8,12.0,20,True,False
2025-01-16,Man United,Southampton,3,1,H,2024/25,1526.1314804814747,1310.968279181864,0.8,2.0,0.8,11.0,20,0.2,2.6,0.2,12.0,20,False,True
2025-01-18,Arsenal,Aston Villa,2,2,D,2024/25,1715.5647317998041,1580.2055858405788,2.4,0.8,2.6,3.0,21,1.4,1.4,2.0,3.0,21,False,False
2025-01-18,Leicester,Fulham,0,2,A,2024/25,1375.511079317821,1512.4517350646488,0.4,2.4,0.0,3.0,21,1.6,1.6,1.2,4.0,21,True,False
2025-01-18,West Ham,Crystal Palace,0,2,A,2024/25,1488.5622359554384,1504.5813795375907,1.2,2.4,1.4,4.0,21,1.2,1.4,1.6,3.0,21,False,False
2025-01-18,Brentford,Liverpool,0,2,A,2024/25,1481.9620460481315,1703.9948311492967,1.6,1.4,1.0,4.0,21,3.4,1.4,2.2,4.0,20,False,False
2025-01-18,Newcastle,Bournemouth,1,4,A,2024/25,1601.0225204709213,1530.2476699078159,2.8,0.2,3.0,3.0,21,1.6,0.8,1.8,4.0,21,False,False
2025-01-19,Everton,Tottenham,3,2,H,2024/25,1447.533831859486,1504.4290521894877,0.2,1.0,0.4,4.0,20,1.4,2.6,0.2,4.0,21,False,False
2025-01-19,Man United,Brighton,1,3,A,2024/25,1528.9340453672178,1533.4293166426608,1.0,2.0,0.8,3.0,21,1.2,0.8,1.4,3.0,21,False,False
2025-01-19,Nott'm Forest,Southampton,3,2,H,2024/25,1535.8593892013832,1308.165714296121,1.8,0.2,2.6,5.0,21,0.4,2.2,0.2,3.0,21,False,True
2025-01-19,Ipswich,Man City,0,6,A,2024/25,1445.1769941462592,1674.9172996945883,0.8,1.8,0.8,3.0,21,2.0,1.2,1.6,5.0,21,True,False
2025-01-20,Chelsea,Wolves,3,1,H,2024/25,1584.378041180444,1416.0028625417792,0.8,1.4,0.6,6.0,21,1.4,1.6,1.4,5.0,21,False,False
2025-01-25,Man City,Chelsea,3,1,H,2024/25,1681.3474816307098,1587.8945469468724,3.0,0.8,2.2,6.0,22,1.4,1.6,1.0,5.0,22,False,False
2025-01-25,Southampton,Newcastle,1,3,A,2024/25,1305.5325049814705,1586.4682248826712,0.8,2.8,0.0,6.0,22,2.2,1.0,2.4,7.0,22,True,False
2025-01-25,Wolves,Arsenal,0,1,A,2024/25,1412.4863567753507,1709.6663486931052,1.0,2.2,0.8,5.0,22,1.8,1.0,2.2,7.0,22,False,False
2025-01-25,Brighton,Everton,0,1,A,2024/25,1546.1109584647281,1456.2995031159865,1.6,0.8,1.8,6.0,22,0.8,1.4,0.8,6.0,21,False,False
2025-01-25,Bournemouth,Nott'm Forest,5,0,H,2024/25,1544.801965496066,1538.4925985160337,1.8,1.0,1.8,7.0,22,2.0,0.6,2.6,6.0,22,False,False
2025-01-25,Liverpool,Ipswich,4,1,H,2024/25,1710.6200958340764,1438.7468122101377,2.6,0.8,2.2,7.0,21,0.8,2.2,0.8,6.0,22,False,True
2025-01-26,Crystal Palace,Brentford,1,2,A,2024/25,1516.952541968874,1475.3367813633517,1.4,0.4,2.2,8.0,22,1.6,1.4,1.0,8.0,22,False,False
2025-01-26,Tottenham,Leicester,1,2,A,2024/25,1495.6633809329874,1366.5703283515077,1.2,2.0,0.2,7.0,22,0.4,2.2,0.0,8.0,22,False,True
2025-01-26,Aston Villa,West Ham,1,1,D,2024/25,1586.1039689472777,1476.1910735241552,1.4,1.6,1.6,8.0,22,1.0,2.6,1.2,8.0,22,False,False
2025-01-26,Fulham,Man United,0,1,A,2024/25,1521.3924860309621,1516.2524035451504,2.0,1.6,1.6,8.0,22,1.2,2.0,0.8,7.0,22,False,False
2025-02-01,Wolves,Aston Villa,2,0,H,2024/25,1407.6217840044808,1580.7038111401594,0.6,2.4,0.2,7.0,23,1.6,1.2,1.8,6.0,23,False,False
2025-02-01,Nott'm Forest,Brighton,7,0,H,2024/25,1531.4603809560058,1531.1333783072687,1.8,1.6,2.0,7.0,23,1.6,1.0,1.6,7.0,23,False,False
2025-02-01,Bournemouth,Liverpool,0,2,A,2024/25,1551.834183056094,1712.724212996577,2.8,1.0,2.2,7.0,23,2.8,0.8,2.2,7.0,22,False,False
2025-02-01,Everton,Leicester,4,0,H,2024/25,1471.277083273446,1382.3498536406767,0.8,1.2,1.2,7.0,22,0.6,1.8,0.6,6.0,23,False,True
2025-02-01,Ipswich,Southampton,1,2,A,2024/25,1436.642695047637,1300.3154833126332,1.0,2.8,0.8,7.0,23,1.0,3.2,0.0,7.0,23,True,True
2025-02-01,Newcastle,Fulham,1,2,A,2024/25,1591.6852465515085,1508.4554246550963,2.2,1.2,2.4,7.0,23,1.6,1.6,1.0,6.0,23,False,False
2025-02-02,Arsenal,Man City,5,1,H,2024/25,1714.5309214639751,1686.2914714093827,1.8,1.0,2.2,8.0,23,3.4,0.8,2.6,8.0,23,False,False
2025-02-02,Brentford,Tottenham,0,2,A,2024/25,1489.2011359269507,1479.8838556438184,2.0,1.6,1.4,7.0,23,1.4,2.2,0.2,7.0,23,False,False
2025-02-02,Man United,Crystal Palace,0,2,A,2024/25,1529.1894649210162,1503.088187405275,1.4,1.6,1.4,7.0,23,1.6,0.8,2.0,7.0,23,False,False
2025-02-03,Chelsea,West Ham,2,1,H,2024/25,1582.9505571681996,1481.5912313312735,1.4,1.8,1.0,9.0,23,1.0,2.8,0.8,8.0,23,False,False
2025-02-12,Everton,Liverpool,2,2,D,2024/25,1476.3186718346233,1720.9893822922459,1.6,0.8,1.8,11.0,23,2.2,0.8,2.2,11.0,23,False,False
2025-02-14,Brighton,Chelsea,3,0,H,2024/25,1523.9433493296692,1587.727110871481,1.2,2.0,1.4,13.0,24,1.8,1.6,1.6,11.0,24,False,False
2025-02-15,Southampton,Bournemouth,1,3,A,2024/25,1316.2320058783446,1543.5690137604252,1.2,3.0,0.6,14.0,24,2.4,1.0,2.0,14.0,24,True,False
2025-02-15,Leicester,Arsenal,0,2,A,2024/25,1377.3082650794993,1720.9988544818607,0.6,2.2,0.6,14.0,24,2.2,1.0,2.2,13.0,24,True,False
2025-02-15,Aston Villa,Ipswich,1,1,D,2024/25,1568.630825183929,1420.7261724819257,1.2,1.2,1.6,14.0,24,0.8,3.2,0.2,14.0,24,False,True
2025-02-15,Fulham,Nott'm Forest,2,1,H,2024/25,1523.2891659879692,1538.6504099336053,1.6,1.4,1.4,14.0,24,2.8,1.6,2.0,14.0,24,False,False
2025-02-15,Man City,Newcastle,4,0,H,2024/25,1679.823538391497,1576.8515052186356,3.2,1.8,2.0,13.0,24,2.0,1.6,1.8,14.0,24,False,False
2025-02-15,West Ham,Brentford,0,1,A,2024/25,1476.814677627992,1476.154608342372,1.2,2.2,0.8,12.0,24,1.8,1.4,1.4,13.0,24,False,False
2025-02-15,Crystal Palace,Everton,1,2,A,2024/25,1516.5662737938355,1480.2575691411791,1.6,0.6,2.0,13.0,24,2.0,1.0,2.0,3.0,24,False,False
2025-02-16,Tottenham,Man United,1,0,H,2024/25,1492.930383228397,1515.7113785324557,1.4,1.8,0.6,14.0,24,1.4,1.6,1.4,14.0,24,False,False
2025-02-16,Liverpool,Wolves,2,1,H,2024/25,1717.05048498569,1419.6947699607113,2.2,0.8,2.2,4.0,24,0.6,2.0,0.6,15.0,24,False,False
2025-02-19,Aston Villa,Liverpool,2,2,D,2024/25,1562.5019879175823,1718.8939838469014,1.0,1.2,1.2,4.0,25,2.4,0.8,2.6,3.0,25,False,False
2025-02-21,Leicester,Brentford,0,4,A,2024/25,1373.3608083674287,1488.9734064743095,0.4,2.2,0.6,6.0,25,1.0,1.4,1.4,6.0,25,True,False
2025-02-22,Southampton,Brighton,0,4,A,2024/25,1309.741318094255,1532.9047212827018,1.4,2.6,0.6,7.0,25,1.6,1.8,1.8,8.0,25,True,False
2025-02-22,Ipswich,Tottenham,1,4,A,2024/25,1426.8550097482723,1500.7437282693484,0.6,3.0,0.2,7.0,25,1.4,1.4,1.2,6.0,25,True,False
2025-02-22,Fulham,Crystal Palace,0,2,A,2024/25,1530.900140377611,1502.8326194876227,1.6,1.2,1.8,7.0,25,1.6,0.8,1.8,7.0,25,False,False
2025-02-22,Aston Villa,Chelsea,2,1,H,2024/25,1564.110975578073,1578.7657389184485,1.2,1.6,0.8,3.0,26,1.6,2.0,1.4,8.0,25,False,False
2025-02-22,Arsenal,West Ham,0,1,A,2024/25,1724.9463111939313,1463.9958794960546,2.4,0.8,2.6,7.0,25,1.0,1.6,0.8,7.0,25,False,False
2025-02-22,Everton,Man United,2,2,D,2024/25,1493.991223447392,1507.8980334915043,2.4,1.0,2.6,7.0,25,1.0,1.4,1.2,6.0,25,False,False
2025-02-22,Bournemouth,Wolves,0,1,A,2024/25,1550.0597015445148,1417.8512710994999,2.8,1.2,2.0,7.0,25,0.8,1.8,0.6,6.0,25,False,False
2025-02-23,Man City,Liverpool,0,2,A,2024/25,1684.566421244445,1717.2849961864106,3.2,1.6,2.0,8.0,25,2.4,1.2,2.2,4.0,26,False,False
2025-02-23,Newcastle,Nott'm Forest,4,3,H,2024/25,1572.1086223656876,1531.0394355439635,1.6,2.2,1.2,8.0,25,2.4,2.0,1.4,8.0,25,False,False
2025-02-25,Brighton,Bournemouth,2,1,H,2024/25,1539.501182030746,1534.2207695832433,2.0,1.8,1.8,3.0,26,2.4,1.0,1.8,3.0,26,False,False
2025-02-25,Crystal Palace,Aston Villa,4,1,H,2024/25,1516.3603545461574,1571.7027857174019,1.6,0.8,1.8,3.0,26,1.2,1.4,1.2,3.0,27,False,False
2025-02-25,Wolves,Fulham,1,2,A,2024/25,1433.6902030607714,1517.3724053190763,1.0,1.2,1.2,3.0,26,1.2,1.0,1.8,3.0,26,False,False
2025-02-25,Chelsea,Southampton,4,0,H,2024/25,1571.1739287791197,1303.1448573462108,1.4,2.0,1.2,3.0,26,1.2,2.8,0.6,3.0,26,False,True
2025-02-26,Brentford,Everton,1,1,D,2024/25,1498.5243420037632,1491.5627647797453,1.4,1.0,1.8,5.0,26,2.2,1.0,2.2,4.0,26,False,False
2025-02-26,Man United,Ipswich,3,2,H,2024/25,1510.326492159151,1416.104878412936,0.8,1.6,0.8,4.0,26,0.8,3.4,0.2,4.0,26,False,True
2025-02-26,Nott'm Forest,Arsenal,0,0,D,2024/25,1524.8903995657101,1707.1717825706999,2.8,2.6,1.2,3.0,26,2.0,0.8,2.0,4.0,26,False,False
2025-02-26,Tottenham,Man City,0,1,A,2024/25,1511.4938596046848,1672.6537555034906,2.0,1.2,1.8,4.0,26,2.8,1.6,1.8,3.0,26,False,False
2025-02-26,Liverpool,Newcastle,2,0,H,2024/25,1729.197661927365,1578.2576583439409,2.0,1.0,2.2,3.0,27,1.8,2.8,1.2,3.0,26,False,False
2025-02-27,West Ham,Leicester,2,0,H,2024/25,1481.770408119286,1363.809872837975,0.6,1.2,0.8,5.0,26,0.4,2.6,0.6,6.0,26,False,True
2025-03-08,Wolves,Everton,1,1,D,2024/25,1423.2208841183733,1494.547656389531,1.0,1.0,1.2,11.0,27,2.2,1.2,1.8,10.0,27,False,False
2025-03-08,Brentford,Aston Villa,0,1,A,2024/25,1495.5394503939774,1562.9811018407681,1.6,0.8,2.0,10.0,27,1.2,2.0,1.0,11.0,28,False,False
2025-03-08,Liverpool,Southampton,3,1,H,2024/25,1733.0145685190384,1300.9987111820901,2.0,1.0,2.2,10.0,28,0.8,3.0,0.6,11.0,27,False,True
2025-03-08,Nott'm Forest,Man City,1,0,H,2024/25,1527.2153441730136,1680.9113922186207,2.2,2.2,0.8,10.0,27,1.8,1.6,1.8,10.0,27,False,False
2025-03-08,Brighton,Fulham,2,1,H,2024/25,1546.5604304911246,1527.8417242614744,1.8,1.8,1.8,11.0,27,1.2,1.2,1.8,11.0,27,False,False
2025-03-08,Crystal Palace,Ipswich,1,0,H,2024/25,1525.0820384227911,1411.1773388643262,2.0,1.0,1.8,11.0,27,1.2,2.8,0.2,10.0,27,False,True
2025-03-09,Chelsea,Leicester,1,0,H,2024/25,1573.3200749432403,1359.3720575052366,1.6,1.8,1.2,12.0,27,0.4,2.6,0.6,10.0,27,False,True
2025-03-09,Tottenham,Bournemouth,2,2,D,2024/25,1503.2362228895547,1527.1615211228645,1.6,0.8,1.8,11.0,27,1.8,1.2,1.2,12.0,27,False,False
2025-03-09,Man United,Arsenal,1,1,D,2024/25,1515.2540317077608,1704.8468379633964,1.2,1.4,1.4,11.0,27,1.6,0.4,2.0,11.0,27,False,False
2025-03-10,West Ham,Newcastle,0,1,A,2024/25,1486.2082234520244,1574.4407517522675,1.0,0.8,1.4,11.0,27,1.6,2.4,1.2,12.0,27,False,False
2025-03-15,Bournemouth,Brentford,1,2,A,2024/25,1529.3167927141892,1484.6050793004142,1.2,1.6,0.8,6.0,28,1.2,0.8,1.4,7.0,28,False,False
2025-03-15,Southampton,Wolves,1,2,A,2024/25,1300.1051189224597,1422.397470831376,0.8,3.0,0.6,7.0,28,1.2,1.0,1.4,7.0,28,True,False
2025-03-15,Ipswich,Nott'm Forest,2,4,A,2024/25,1406.6583797766457,1538.74865207572,1.0,2.2,0.2,7.0,28,2.4,1.2,1.4,7.0,28,True,False
2025-03-15,Everton,West Ham,1,1,D,2024/25,1495.3710696765284,1475.8696578417557,1.6,1.4,1.4,7.0,28,0.8,0.8,1.2,5.0,28,False,False
2025-03-15,Man City,Brighton,2,2,D,2024/25,1669.3780843159143,1553.2704889624692,1.2,1.6,1.2,7.0,28,2.2,1.8,2.4,7.0,28,False,False
2025-03-16,Arsenal,Chelsea,1,0,H,2024/25,1702.3238270140412,1576.1395395653453,1.6,0.6,1.6,7.0,28,1.6,1.2,1.8,7.0,28,False,False
2025-03-16,Fulham,Tottenham,2,0,H,2024/25,1521.1316657901298,1501.08095129823,1.4,1.4,1.8,8.0,28,1.8,0.8,2.0,7.0,28,False,False
2025-03-16,Leicester,Man United,0,3,A,2024/25,1356.5525928831316,1517.777042657116,0.0,2.6,0.0,7.0,28,1.2,1.6,1.0,7.0,28,True,False
2025-04-01,Arsenal,Fulham,2,1,H,2024/25,1706.6003272464234,1527.807578843237,0.8,0.4,1.6,16.0,29,1.4,1.2,1.8,16.0,29,False,False
2025-04-01,Wolves,West Ham,1,0,H,2024/25,1431.7567244071051,1479.1796741609965,1.2,1.2,1.4,17.0,29,0.8,0.6,1.4,17.0,29,False,False
2025-04-01,Nott'm Forest,Man United,1,0,H,2024/25,1547.82763735298,1526.0328778267233,1.8,1.6,1.4,17.0,29,1.8,1.2,1.6,16.0,29,False,False
2025-04-02,Man City,Leicester,2,0,H,2024/25,1663.8528410117515,1348.2967577135244,1.4,1.0,1.4,18.0,29,0.0,2.4,0.0,17.0,29,False,True
2025-04-02,Liverpool,Everton,1,0,H,2024/25,1733.9081607786688,1492.0610533572876,2.2,0.8,2.6,25.0,29,1.4,1.2,1.4,18.0,29,False,False
2025-04-02,Southampton,Crystal Palace,1,1,D,2024/25,1290.7458653467306,1529.6009975104716,0.6,3.2,0.0,18.0,29,2.0,0.6,2.4,25.0,28,True,False
2025-04-02,Bournemouth,Ipswich,1,2,A,2024/25,1515.3768983948162,1397.5793944993857,1.4,1.6,0.8,18.0,29,1.2,2.6,0.2,18.0,29,False,True
2025-04-02,Brighton,Aston Villa,0,3,A,2024/25,1558.795732266632,1573.9154729343313,2.6,0.8,2.6,18.0,29,1.4,1.6,1.6,25.0,29,False,False
2025-04-02,Newcastle,Brentford,2,1,H,2024/25,1584.7793173625362,1498.5449736197872,1.2,2.2,1.2,23.0,28,1.6,0.6,2.0,18.0,29,False,False
2025-04-03,Chelsea,Tottenham,1,0,H,2024/25,1571.8630393329631,1494.4050382451228,1.2,1.2,1.2,18.0,29,1.4,1.2,1.4,18.0,29,False,False
2025-04-05,West Ham,Bournemouth,2,2,D,2024/25,1470.6815164933264,1499.8179552575687,0.8,0.6,1.4,4.0,30,1.0,1.8,0.2,3.0,30,False,False
2025-04-05,Ipswich,Wolves,1,2,A,2024/25,1413.1383376366332,1440.2548820747752,1.4,2.6,0.6,3.0,30,1.2,0.8,2.0,4.0,30,True,False
2025-04-05,Aston Villa,Nott'm Forest,2,1,H,2024/25,1586.3110517527866,1554.4589741264567,1.8,1.4,2.0,3.0,30,1.8,1.2,2.0,4.0,30,False,False
2025-04-05,Everton,Arsenal,1,1,D,2024/25,1489.6086105008783,1709.9463962308103,1.0,1.2,0.8,3.0,30,0.8,0.6,1.6,4.0,30,False,False
2025-04-05,Crystal Palace,Brighton,2,1,H,2024/25,1525.8044414273947,1546.4001534481768,1.8,0.8,2.0,3.0,29,2.0,1.4,2.0,3.0,30,False,False
2025-04-06,Fulham,Liverpool,3,2,H,2024/25,1524.4615098588501,1736.3606036350782,1.2,1.4,1.2,5.0,30,2.0,0.6,2.6,4.0,30,False,False
2025-04-06,Tottenham,Southampton,3,1,H,2024/25,1489.1104500400459,1294.5424214298075,1.2,1.4,0.8,3.0,30,0.6,2.8,0.2,4.0,30,False,True
2025-04-06,Brentford,Chelsea,0,0,D,2024/25,1493.444709117046,1577.15762753804,1.6,1.0,1.4,4.0,30,1.4,0.6,1.8,3.0,30,False,False
2025-04-06,Man United,Man City,0,0,D,2024/25,1519.4015410532465,1665.5283321499173,1.8,1.2,1.6,5.0,30,1.0,1.0,1.4,4.0,30,False,False
2025-04-07,Leicester,Newcastle,0,3,A,2024/25,1346.6212665753585,1589.8795818652775,0.0,2.4,0.0,5.0,30,1.4,2.0,1.8,5.0,29,True,False
2025-04-12,Man City,Crystal Palace,5,2,H,2024/25,1664.2084421503753,1533.557979423,1.0,0.6,1.6,6.0,31,2.0,0.6,2.6,7.0,30,False,False
2025-04-12,Brighton,Leicester,2,2,D,2024/25,1538.6466154525715,1340.5257641105043,1.4,1.8,1.4,7.0,31,0.0,2.2,0.0,5.0,31,False,True
2025-04-12,Nott'm Forest,Everton,0,1,A,2024/25,1548.081712622854,1492.940045024841,1.4,0.8,2.0,7.0,31,0.8,1.0,0.8,7.0,31,False,False
2025-04-12,Southampton,Aston Villa,0,3,A,2024/25,1291.4417884231661,1592.6883132563894,0.8,2.6,0.2,6.0,31,1.8,1.2,2.4,7.0,31,True,False
2025-04-12,Arsenal,Brentford,1,1,D,2024/25,1706.6149617068475,1492.9762723132528,1.0,0.6,1.8,7.0,31,0.8,1.0,1.0,6.0,31,False,False
2025-04-13,Chelsea,Ipswich,2,2,D,2024/25,1577.6260643418332,1401.0708220732163,1.2,0.2,2.0,7.0,31,1.4,2.2,0.6,8.0,31,False,True
2025-04-13,Liverpool,West Ham,2,1,H,2024/25,1723.24681600132,1468.6697193614693,2.0,0.8,2.4,7.0,31,1.0,1.0,1.0,8.0,31,False,False
2025-04-13,Wolves,Tottenham,4,2,H,2024/25,1452.3223976381921,1492.2110830466872,1.4,1.0,2.0,8.0,31,1.0,1.4,0.8,7.0,31,False,False
2025-04-13,Newcastle,Man United,4,1,H,2024/25,1595.9750843301317,1520.7214310527886,2.0,1.2,2.4,6.0,30,1.4,0.8,1.6,7.0,31,False,False
2025-04-14,Bournemouth,Fulham,1,0,H,2024/25,1501.8297523894257,1537.5752974926083,1.4,2.0,0.4,9.0,31,1.8,1.4,1.8,8.0,31,False,False
2025-04-16,Newcastle,Crystal Palace,5,0,H,2024/25,1601.319218448727,1529.3672800950399,2.0,0.8,2.4,3.0,31,2.0,1.6,2.0,4.0,31,False,False
2025-04-19,Aston Villa,Newcastle,4,1,H,2024/25,1597.4672281986961,1606.738112134817,2.0,1.0,2.4,7.0,32,3.0,0.4,3.0,3.0,32,False,False
2025-04-19,West Ham,Southampton,1,1,D,2024/25,1466.3706439802054,1286.6628734808594,0.8,1.4,0.4,6.0,32,0.8,2.4,0.2,7.0,32,False,True
2025-04-19,Crystal Palace,Bournemouth,0,0,D,2024/25,1523.94838640895,1510.0011606050193,1.2,2.4,1.4,3.0,32,1.4,1.6,1.0,5.0,32,False,False
2025-04-19,Brentford,Brighton,4,2,H,2024/25,1500.1524922424614,1531.6940435456386,0.8,1.0,1.0,7.0,32,1.4,2.0,1.0,7.0,32,False,False
2025-04-19,Everton,Man City,0,2,A,2024/25,1507.1304997232564,1668.3991414783354,0.8,0.8,1.2,7.0,32,1.8,1.0,1.6,7.0,32,False,False
2025-04-20,Fulham,Chelsea,1,2,A,2024/25,1529.4038892770147,1571.0081746375179,1.4,1.4,1.2,6.0,32,0.8,0.6,1.6,7.0,32,False,False
2025-04-20,Ipswich,Arsenal,0,4,A,2024/25,1407.6887117775316,1699.4387417776388,1.4,2.0,0.8,7.0,32,1.2,0.8,1.8,8.0,32,True,False
2025-04-20,Man United,Wolves,0,1,A,2024/25,1515.3772969341933,1460.6093140258554,1.0,1.2,1.0,7.0,32,2.0,1.0,2.6,7.0,32,False,False
2025-04-20,Leicester,Liverpool,0,1,A,2024/25,1347.4783360174372,1725.545891382584,0.4,2.2,0.2,8.0,32,2.0,1.0,2.4,7.0,32,True,False
2025-04-21,Tottenham,Nott'm Forest,1,2,A,2024/25,1483.924166659024,1533.8912579244386,1.4,2.0,0.8,8.0,32,1.4,1.0,1.8,9.0,32,False,False
2025-04-22,Man City,Aston Villa,2,1,H,2024/25,1676.6537434219001,1604.9136188860004,2.2,0.8,2.2,3.0,33,2.6,0.4,3.0,3.0,33,False,False
2025-04-23,Arsenal,Crystal Palace,2,2,D,2024/25,1704.4193059886386,1520.781462545304,1.8,0.6,2.2,3.0,33,1.0,2.4,1.0,4.0,33,False,False
2025-04-26,Wolves,Leicester,3,0,H,2024/25,1474.7908978775388,1344.1206195002978,2.0,0.8,3.0,6.0,33,0.4,2.2,0.2,6.0,33,False,True
2025-04-26,Southampton,Fulham,1,2,A,2024/25,1293.3314548308495,1517.7387756870546,0.8,2.0,0.4,7.0,33,1.4,1.4,1.2,6.0,33,True,False
2025-04-26,Chelsea,Everton,1,0,H,2024/25,1582.673288227478,1498.8758977796917,1.0,0.8,1.6,6.0,33,0.6,1.0,1.0,7.0,33,False,False
2025-04-26,Brighton,West Ham,3,2,H,2024/25,1523.6393261549197,1459.7020626302153,1.4,2.6,0.4,7.0,33,1.0,1.4,0.6,7.0,33,False,False
2025-04-26,Newcastle,Ipswich,3,0,H,2024/25,1599.2917214475126,1402.7081475665318,3.0,1.2,2.4,7.0,33,1.4,2.6,0.8,6.0,33,False,True
2025-04-27,Bournemouth,Man United,1,1,D,2024/25,1513.1680844686653,1501.1957130825099,1.0,1.2,1.0,8.0,33,0.8,1.2,0.8,7.0,33,False,False
2025-04-27,Liverpool,Tottenham,5,1,H,2024/25,1728.9036078997233,1472.4939764829999,1.8,1.0,2.4,7.0,33,1.2,2.0,0.6,6.0,33,False,False
2025-05-01,Nott'm Forest,Brentford,0,2,A,2024/25,1545.3214481004627,1508.2072096331804,1.6,1.2,1.8,10.0,33,1.6,1.2,1.6,12.0,33,False,False
2025-05-02,Man City,Wolves,1,0,H,2024/25,1682.0774555024718,1478.9812193560497,2.2,0.6,2.6,10.0,34,2.2,0.6,3.0,6.0,34,False,False
2025-05-03,Aston Villa,Fulham,1,0,H,2024/25,1599.4899068054287,1524.303619696798,2.6,0.8,2.4,11.0,34,1.4,1.6,1.2,7.0,34,False,False
2025-05-03,Everton,Ipswich,2,2,D,2024/25,1493.7221482593318,1399.637790625014,0.4,1.0,0.8,7.0,34,1.0,2.4,0.8,7.0,34,False,True
2025-05-03,Leicester,Southampton,2,0,H,2024/25,1339.930298021787,1286.766610821106,0.4,2.2,0.2,7.0,34,0.8,2.0,0.4,7.0,34,True,True
2025-05-03,Arsenal,Bournemouth,1,2,A,2024/25,1697.6883838814117,1510.052392352221,2.0,1.0,1.8,10.0,34,1.0,1.0,1.2,6.0,34,False,False
2025-05-04,Chelsea,Liverpool,3,1,H,2024/25,1587.827037747838,1731.181305499882,1.2,0.6,2.2,8.0,34,2.2,1.0,2.4,7.0,34,False,False
2025-05-04,West Ham,Tottenham,1,1,D,2024/25,1454.098986258929,1470.2162788828412,1.2,1.8,0.4,8.0,34,1.4,2.6,0.6,7.0,34,False,False
2025-05-04,Brentford,Man United,4,3,H,2024/25,1521.9607997259811,1504.3114051989542,1.6,1.0,1.6,3.0,34,0.4,1.4,0.4,7.0,34,False,False
2025-05-04,Brighton,Newcastle,1,1,D,2024/25,1529.2424025262058,1602.3620783890303,1.6,2.6,0.8,8.0,34,3.2,1.0,2.4,8.0,34,False,False
2025-05-05,Crystal Palace,Nott'm Forest,1,1,D,2024/25,1527.512384652531,1531.567858007662,1.2,2.6,1.0,12.0,34,0.8,1.2,1.2,4.0,34,False,False
2025-05-10,Fulham,Everton,1,3,A,2024/25,1518.9579667957057,1488.6526224739384,1.2,1.4,1.2,7.0,35,0.8,1.2,1.0,7.0,35,False,False
2025-05-10,Ipswich,Brentford,0,1,A,2024/25,1404.7073164104074,1528.698331950555,1.0,2.6,0.4,7.0,35,2.2,1.2,2.2,6.0,35,True,False
2025-05-10,Southampton,Man City,0,0,D,2024/25,1280.910019947502,1685.051636659177,0.6,2.2,0.2,7.0,35,2.0,0.6,2.6,8.0,35,True,False
2025-05-10,Wolves,Brighton,0,2,A,2024/25,1476.0070381993446,1528.4702646057917,2.0,0.8,2.4,8.0,35,1.8,2.2,1.0,6.0,35,False,False
2025-05-10,Bournemouth,Aston Villa,0,1,A,2024/25,1526.8457683875547,1604.835559706521,1.2,0.8,1.8,7.0,35,2.2,0.8,2.4,7.0,35,False,False
2025-05-11,Liverpool,Arsenal,2,2,D,2024/25,1719.9399059450934,1680.895007846078,2.2,1.6,1.8,7.0,35,1.8,1.2,1.2,8.0,35,False,False
2025-05-11,Tottenham,Crystal Palace,0,2,A,2024/25,1472.584775009762,1524.8189987129663,1.6,2.6,0.8,7.0,35,1.0,2.6,0.6,6.0,35,False,False
2025-05-11,Newcastle,Chelsea,2,0,H,2024/25,1603.1342163094444,1599.0684373026265,2.8,1.2,2.0,7.0,35,1.6,0.8,2.2,7.0,35,False,False
2025-05-11,Man United,West Ham,0,2,A,2024/25,1497.5738729743803,1451.730490132008,1.0,2.0,0.4,7.0,35,1.4,1.8,0.6,7.0,35,False,False
2025-05-11,Nott'm Forest,Leicester,2,2,D,2024/25,1534.2612439472266,1345.786888895391,0.8,1.4,0.8,6.0,35,0.8,1.8,0.8,8.0,35,False,True
2025-05-16,Aston Villa,Tottenham,2,0,H,2024/25,1615.468218317014,1461.2185622292932,2.0,0.6,2.4,6.0,36,1.0,2.8,0.2,5.0,36,False,False
2025-05-16,Chelsea,Man United,1,0,H,2024/25,1591.9772194888424,1483.6064980394976,1.6,1.2,2.0,5.0,36,1.0,2.4,0.2,5.0,36,False,False
2025-05-18,Everton,Southampton,2,0,H,2024/25,1502.2366229072168,1287.951042765168,1.2,1.2,1.4,8.0,36,0.4,1.6,0.4,8.0,36,False,True
2025-05-18,West Ham,Nott'm Forest,1,2,A,2024/25,1465.6978650668907,1527.4548951648824,1.4,1.4,1.0,7.0,36,1.0,1.4,1.0,7.0,36,False,False
2025-05-18,Brentford,Fulham,2,3,A,2024/25,1538.0089104200006,1505.3739663624274,2.4,1.2,2.6,8.0,36,0.8,1.6,0.6,8.0,36,False,False
2025-05-18,Leicester,Ipswich,2,0,H,2024/25,1352.5932376777353,1395.3967379409619,1.2,1.6,1.0,7.0,36,0.8,2.4,0.4,8.0,36,True,True
2025-05-18,Arsenal,Newcastle,1,0,H,2024/25,1684.6962375924033,1610.2254341232285,2.0,1.4,1.2,7.0,36,2.4,1.0,2.0,7.0,36,False,False
2025-05-19,Brighton,Liverpool,3,2,H,2024/25,1539.8300086047743,1716.138676198768,2.0,1.8,1.6,9.0,36,2.2,1.4,2.0,8.0,36,False,False
2025-05-20,Crystal Palace,Wolves,4,2,H,2024/25,1536.1852114934352,1464.647294200362,1.0,1.6,1.2,9.0,36,1.6,1.0,1.8,10.0,36,False,False
2025-05-20,Man City,Bournemouth,3,1,H,2024/25,1678.0106138415108,1516.2131097770618,2.0,0.6,2.6,10.0,36,0.8,0.6,1.6,10.0,36,False,False
2025-05-25,Tottenham,Brighton,1,4,A,2024/25,1457.4601504874338,1551.991700530035,0.6,2.4,0.2,9.0,37,2.2,1.8,2.0,6.0,37,False,False
2025-05-25,Southampton,Arsenal,1,2,A,2024/25,1285.1362812026964,1690.0580381122797,0.4,1.4,0.4,7.0,37,2.0,1.2,1.6,7.0,37,True,False
2025-05-25,Nott'm Forest,Chelsea,0,1,A,2024/25,1538.5511923604315,1596.6085802559403,1.4,1.4,1.6,7.0,37,1.4,0.8,2.4,9.0,37,False,False
2025-05-25,Newcastle,Everton,0,1,A,2024/25,1604.8636336033521,1505.0513844696884,1.4,1.2,1.4,7.0,37,1.4,1.2,1.4,7.0,37,False,False
2025-05-25,Wolves,Brentford,1,1,D,2024/25,1459.2189797489407,1524.3666124612007,1.2,1.4,1.2,5.0,37,2.6,1.6,2.4,7.0,37,False,False
2025-05-25,Liverpool,Crystal Palace,1,1,D,2024/25,1703.9769842735075,1541.6135259448565,2.2,1.8,1.4,6.0,37,1.8,1.0,1.8,5.0,37,False,False
2025-05-25,Ipswich,West Ham,1,3,A,2024/25,1387.0282731829057,1454.6015678713416,0.4,2.4,0.2,7.0,37,1.4,1.4,1.0,7.0,37,True,False
2025-05-25,Fulham,Man City,0,2,A,2024/25,1519.0162643212273,1681.6382083242247,1.4,1.8,1.2,7.0,37,1.6,0.4,2.6,5.0,37,False,False
2025-05-25,Bournemouth,Leicester,2,0,H,2024/25,1512.585515294348,1360.9617024357915,0.8,1.2,1.0,5.0,37,1.2,1.2,1.4,7.0,37,False,True
2025-05-25,Man United,Aston Villa,2,0,H,2024/25,1478.9751372723997,1619.2266300588733,0.8,1.8,0.2,9.0,37,1.8,0.6,2.4,9.0,37,False,False
2025-08-15,Liverpool,Bournemouth,4,2,H,2025/26,1697.5949140801476,1516.39027947259,2.2,2.0,1.0,82.0,0,1.2,1.2,1.4,82.0,0,False,False
2025-08-16,Aston Villa,Newcastle,0,0,D,2025/26,1608.0732545368232,1589.6726417097334,1.0,0.8,1.8,83.0,0,1.2,0.6,1.4,83.0,0,False,False
2025-08-16,Brighton,Fulham,1,1,D,2025/26,1562.1490821760806,1510.799401085778,2.6,1.2,2.6,83.0,0,1.2,1.8,1.2,83.0,0,False,False
2025-08-16,Sunderland,West Ham,3,0,H,2025/26,1500.0,1465.5321829148495,1.4,1.4,1.35,7.0,0,1.8,1.4,1.4,83.0,0,True,False
2025-08-16,Tottenham,Burnley,3,0,H,2025/26,1447.3027688413881,1392.3308024421335,0.6,2.8,0.2,83.0,0,1.6,2.0,0.8,454.0,0,False,True
2025-08-16,Wolves,Man City,0,4,A,2025/26,1458.2191992424828,1689.855071559674,1.2,1.6,0.8,83.0,0,1.6,0.4,2.6,83.0,0,False,False
2025-08-17,Nott'm Forest,Brentford,3,1,H,2025/26,1527.349817340052,1525.3663929676586,1.0,1.4,1.0,84.0,0,2.0,1.4,2.0,84.0,0,False,False
2025-08-17,Man United,Arsenal,0,1,A,2025/26,1490.1285127944498,1693.0057108606197,1.2,1.6,0.8,84.0,0,1.6,1.4,1.6,84.0,0,False,False
2025-08-17,Chelsea,Crystal Palace,0,0,D,2025/26,1607.80995527632,1547.9955961382163,1.2,0.6,2.4,84.0,0,2.0,1.2,1.8,84.0,0,False,False
2025-08-18,Leeds,Everton,1,0,H,2025/26,1400.3932500150124,1520.2423763633071,1.2,3.0,0.2,813.0,0,1.6,0.8,2.0,85.0,0,True,False
2025-08-22,West Ham,Chelsea,1,5,A,2025/26,1459.220148462138,1603.5092541529534,1.4,1.4,1.4,6.0,1,1.0,0.6,2.0,5.0,1,False,False
2025-08-23,Man City,Tottenham,0,2,A,2025/26,1696.2377404641104,1453.116341665064,2.0,0.2,2.6,7.0,1,1.0,1.8,0.8,7.0,1,False,False
2025-08-23,Bournemouth,Wolves,1,0,H,2025/26,1513.0827162549815,1451.8365303380463,1.4,1.8,1.2,8.0,1,0.6,2.4,0.2,7.0,1,False,False
2025-08-23,Brentford,Aston Villa,1,0,H,2025/26,1518.2202161206228,1604.791479968574,1.8,2.0,1.4,6.0,1,0.8,0.4,2.0,7.0,1,False,False
2025-08-23,Burnley,Sunderland,2,0,H,2025/26,1386.5172296184576,1506.3120344527115,0.8,2.4,0.2,7.0,1,3.0,0.0,3.0,7.0,1,True,True
2025-08-23,Arsenal,Leeds,5,0,H,2025/26,1700.128275332464,1410.9639330502175,1.4,1.0,2.0,6.0,1,1.2,2.2,0.8,5.0,1,False,True
2025-08-24,Crystal Palace,Nott'm Forest,1,1,D,2025/26,1552.2962972615828,1534.4959941870877,1.6,0.8,1.8,7.0,1,1.6,1.2,1.6,7.0,1,False,False
2025-08-24,Everton,Brighton,2,0,H,2025/26,1509.671693328102,1558.0490141589275,1.6,0.8,2.0,6.0,1,2.2,1.0,2.2,8.0,1,False,False
2025-08-24,Fulham,Man United,1,1,D,2025/26,1514.899469102931,1483.0059483226055,1.0,1.8,0.8,8.0,1,1.0,1.6,0.6,7.0,1,False,False
2025-08-25,Newcastle,Liverpool,2,3,A,2025/26,1592.9544162779825,1700.9024772977561,0.6,0.6,1.0,9.0,1,2.0,2.2,1.0,10.0,1,False,False
2025-08-30,Tottenham,Bournemouth,0,1,A,2025/26,1470.6796389092628,1518.748485912454,1.2,1.6,1.2,7.0,2,1.2,1.6,1.2,7.0,2,False,False
2025-08-30,Sunderland,Brentford,2,1,H,2025/26,1495.7429098382652,1527.8338983788763,1.5,1.0,1.5,7.0,2,1.2,1.4,1.4,7.0,2,True,False
2025-08-30,Wolves,Everton,2,3,A,2025/26,1446.1707606805737,1518.1967114451256,0.6,2.4,0.2,7.0,2,1.6,0.4,2.4,6.0,2,False,False
2025-08-30,Chelsea,Fulham,2,0,H,2025/26,1612.241371362624,1511.2756943712445,1.4,0.6,2.0,8.0,2,1.2,1.8,1.0,6.0,2,False,False
2025-08-30,Man United,Burnley,3,2,H,2025/26,1486.629723054292,1397.086354232904,0.6,1.0,0.8,6.0,2,1.0,2.2,0.6,7.0,2,False,True
2025-08-30,Leeds,Newcastle,0,0,D,2025/26,1409.0399874667637,1583.1831399655005,1.0,2.8,0.8,7.0,2,0.8,1.0,0.8,5.0,2,True,False
2025-08-31,Aston Villa,Crystal Palace,0,3,A,2025/26,1595.1777977103206,1549.0299488477913,0.6,0.6,1.4,8.0,2,1.6,0.8,1.8,7.0,2,False,False
2025-08-31,Liverpool,Arsenal,1,0,H,2025/26,1710.6737536102382,1702.0522209159178,2.4,2.0,1.6,6.0,2,2.2,0.6,2.6,8.0,2,False,False
2025-08-31,Nott'm Forest,West Ham,0,3,A,2025/26,1537.7623426008793,1450.4880312524674,1.6,1.2,1.6,7.0,2,1.4,2.2,1.2,9.0,2,False,False
2025-08-31,Brighton,Man City,2,1,H,2025/26,1549.523996041904,1678.6744432199116,2.0,1.2,2.0,7.0,2,1.8,0.6,2.0,8.0,2,False,False
2025-09-13,Arsenal,Nott'm Forest,3,0,H,2025/26,1695.0805708170421,1522.8398938684702,1.8,0.4,2.4,13.0,3,1.2,1.4,1.4,13.0,3,False,False
2025-09-13,Bournemouth,Brighton,2,1,H,2025/26,1530.2321520862497,1560.3610501295727,1.4,1.4,1.8,14.0,3,2.0,1.4,2.0,13.0,3,False,False
2025-09-13,Crystal Palace,Sunderland,0,0,D,2025/26,1563.0047051119848,1503.8128475491335,1.8,0.8,1.8,13.0,3,1.6666666666666667,1.0,2.0,14.0,3,False,True
2025-09-13,Everton,Aston Villa,0,0,D,2025/26,1529.0001339143062,1581.2030414461271,1.6,0.6,2.4,14.0,3,0.4,1.2,0.8,13.0,3,False,False
2025-09-13,Fulham,Leeds,1,0,H,2025/26,1506.4908970236731,1411.1421840241724,1.0,1.6,1.0,14.0,3,0.6,2.4,0.8,14.0,3,False,True
2025-09-13,Newcastle,Wolves,1,0,H,2025/26,1581.0809434080918,1435.3673382113932,0.4,1.0,0.4,14.0,3,1.0,2.6,0.2,14.0,3,False,False
2025-09-13,West Ham,Tottenham,0,3,A,2025/26,1465.4104799848765,1459.1959727354672,1.6,2.2,1.2,13.0,3,1.2,1.4,1.2,14.0,3,False,False
2025-09-13,Brentford,Chelsea,2,2,D,2025/26,1519.763960668008,1617.0261687101954,1.2,1.8,0.8,14.0,3,1.8,0.2,2.6,14.0,3,False,False
2025-09-14,Burnley,Liverpool,0,1,A,2025/26,1392.058127787738,1717.645403709114,1.2,2.0,0.6,15.0,3,2.2,1.6,2.0,14.0,3,True,False
2025-09-14,Man City,Man United,3,0,H,2025/26,1667.8373891322428,1491.657949499458,2.0,1.0,1.8,14.0,3,1.2,1.0,1.4,15.0,3,False,False
2025-09-20,Fulham,Brentford,3,1,H,2025/26,1511.3943826138604,1519.6851623121072,0.6,1.2,1.0,7.0,4,1.2,1.6,1.0,7.0,4,False,False
2025-09-20,Man United,Chelsea,2,1,H,2025/26,1488.2697556131536,1617.1049670660962,1.2,1.4,1.4,6.0,4,2.0,0.6,2.2,7.0,4,False,False
2025-09-20,Wolves,Leeds,1,3,A,2025/26,1431.4566480977899,1406.238698433985,0.6,2.0,0.2,7.0,4,0.4,2.0,0.8,7.0,4,False,True
2025-09-20,Liverpool,Everton,2,1,H,2025/26,1721.9334696713406,1527.6330366169339,2.0,1.0,2.6,6.0,4,1.2,0.6,2.0,7.0,4,False,False
2025-09-20,Burnley,Nott'm Forest,1,1,D,2025/26,1387.7700618255112,1519.3874135338308,1.0,1.8,0.6,6.0,4,0.8,1.8,0.8,7.0,4,True,False
2025-09-20,Brighton,Tottenham,2,2,D,2025/26,1552.345422431639,1472.161265167202,1.6,1.4,1.4,7.0,4,1.8,1.0,1.8,7.0,4,False,False
2025-09-20,West Ham,Crystal Palace,1,2,A,2025/26,1452.4451875531417,1558.7186183294677,1.4,2.4,1.2,7.0,4,1.0,0.4,1.4,7.0,4,False,False
2025-09-21,Bournemouth,Newcastle,0,0,D,2025/26,1538.2477797841834,1584.9916335216951,1.6,1.0,2.4,8.0,4,0.6,0.8,1.0,8.0,4,False,False
2025-09-21,Sunderland,Aston Villa,1,1,D,2025/26,1508.0989343316505,1582.5701387434995,1.25,0.75,1.75,8.0,4,0.0,1.2,0.4,8.0,4,True,False
2025-09-21,Arsenal,Man City,1,1,D,2025/26,1698.5330511516815,1671.2255830185472,2.2,0.4,2.4,8.0,4,2.0,0.8,1.8,7.0,4,False,False
2025-09-27,Nott'm Forest,Sunderland,0,1,A,2025/26,1518.4798967795987,1507.365476031338,1.0,1.8,1.0,7.0,5,1.2,0.8,1.6,6.0,5,False,True
2025-09-27,Tottenham,Wolves,1,1,D,2025/26,1476.9275431951262,1418.0009300707463,2.0,0.6,2.0,7.0,5,0.6,2.4,0.0,7.0,5,False,False
2025-09-27,Man City,Burnley,5,1,H,2025/26,1674.7341496970882,1388.6775785797433,1.8,1.0,1.4,6.0,5,1.0,1.6,0.8,7.0,5,False,True
2025-09-27,Leeds,Bournemouth,2,2,D,2025/26,1419.6944164610286,1536.7268379932061,0.8,1.4,1.4,7.0,5,1.2,1.0,2.0,6.0,5,True,False
2025-09-27,Crystal Palace,Liverpool,2,1,H,2025/26,1568.5380740978262,1725.0381405835378,1.2,0.4,1.8,7.0,5,2.2,1.0,3.0,7.0,5,False,False
2025-09-27,Chelsea,Brighton,1,3,A,2025/26,1606.2769233014478,1547.5791444037147,2.0,1.0,1.6,7.0,5,1.2,1.6,1.0,7.0,5,False,False
2025-09-27,Brentford,Man United,3,1,H,2025/26,1512.2651227101048,1499.097799377802,1.2,2.0,0.8,7.0,5,1.2,1.6,1.4,7.0,5,False,False
2025-09-28,Aston Villa,Fulham,3,1,H,2025/26,1583.303597043812,1518.8144222158628,0.2,1.0,0.6,7.0,5,1.2,1.0,1.6,8.0,5,False,False
2025-09-28,Newcastle,Arsenal,1,2,A,2025/26,1586.5125753126724,1695.0244844731405,0.6,0.6,1.2,7.0,5,2.0,0.4,2.0,7.0,5,False,False
2025-09-29,Everton,West Ham,1,1,D,2025/26,1524.5283657047366,1442.6257317847833,1.2,1.0,1.4,9.0,5,1.0,2.6,0.6,9.0,5,False,False
2025-10-03,Bournemouth,Fulham,3,1,H,2025/26,1536.2369978389033,1513.2241510819963,1.2,0.6,2.2,6.0,6,1.2,1.4,1.4,5.0,6,False,False
2025-10-04,Leeds,Tottenham,1,2,A,2025/26,1420.1842566153314,1472.6476903287921,1.0,1.8,1.0,7.0,6,1.6,0.8,1.6,7.0,6,True,False
2025-10-04,Arsenal,West Ham,2,0,H,2025/26,1704.7795410379313,1447.4301449098957,2.2,0.6,2.0,6.0,6,1.2,2.2,0.8,5.0,6,False,False
2025-10-04,Man United,Sunderland,2,0,H,2025/26,1492.244512851233,1520.4588543812254,1.4,2.0,1.4,7.0,6,0.8,0.8,1.6,7.0,6,False,True
2025-10-04,Chelsea,Liverpool,2,1,H,2025/26,1592.0024518935834,1713.4261230805732,2.2,1.6,1.4,7.0,6,1.6,1.0,2.4,7.0,6,False,False
2025-10-05,Brentford,Man City,0,1,A,2025/26,1519.1184092366739,1676.6894287290331,1.6,1.6,1.4,8.0,6,2.0,1.2,1.4,8.0,6,False,False
2025-10-05,Wolves,Brighton,1,1,D,2025/26,1422.2807829370804,1561.8536158115792,0.8,1.8,0.2,8.0,6,1.6,1.6,1.4,8.0,6,False,False
2025-10-05,Aston Villa,Burnley,2,1,H,2025/26,1588.8938681776785,1386.7222995477985,0.8,1.2,1.0,7.0,6,1.2,2.0,0.8,8.0,6,False,True
2025-10-05,Everton,Crystal Palace,2,1,H,2025/26,1519.7239525796242,1580.1500916007908,1.4,1.0,1.6,6.0,6,1.6,0.6,2.2,8.0,6,False,False
2025-10-05,Newcastle,Nott'm Forest,2,0,H,2025/26,1576.7575187478817,1505.3865184297113,0.8,1.0,1.0,7.0,6,0.4,1.8,0.4,8.0,6,False,False
2025-10-18,Fulham,Arsenal,0,1,A,2025/26,1506.6238583867375,1707.0463429719475,1.2,1.8,1.2,15.0,7,1.6,0.6,2.0,14.0,7,False,False
2025-10-18,Nott'm Forest,Chelsea,0,3,A,2025/26,1499.9544029915128,1602.618294388878,0.2,2.0,0.2,13.0,7,1.6,1.6,1.4,14.0,7,False,False
2025-10-18,Brighton,Newcastle,2,1,H,2025/26,1560.7195181626585,1582.1896341860802,1.8,1.4,1.6,13.0,7,0.8,0.4,1.6,13.0,7,False,False
2025-10-18,Burnley,Leeds,2,0,H,2025/26,1383.734616377839,1408.8245184728048,1.0,2.4,0.2,13.0,7,1.2,1.2,1.0,14.0,7,True,True
2025-10-18,Crystal Palace,Bournemouth,3,3,D,2025/26,1571.2842184603276,1542.837290534162,1.6,0.8,2.0,13.0,7,1.6,0.8,2.2,15.0,7,False,False
2025-10-18,Man City,Everton,2,0,H,2025/26,1685.047402732597,1528.5898257200874,2.2,0.8,2.0,13.0,7,1.4,1.2,1.6,13.0,7,False,False
2025-10-18,Sunderland,Wolves,2,0,H,2025/26,1512.496103790852,1423.4148805860011,0.8,0.8,1.6,14.0,7,1.0,1.8,0.4,13.0,7,True,False
2025-10-19,Liverpool,Man United,1,2,A,2025/26,1702.8102805852786,1500.2072634416063,1.2,1.0,1.8,15.0,7,1.6,1.8,1.8,15.0,7,False,False
2025-10-19,Tottenham,Aston Villa,1,2,A,2025/26,1484.0074284713187,1591.881551347638,1.6,1.0,1.6,15.0,7,1.2,1.2,1.6,14.0,7,False,False
2025-10-20,West Ham,Brentford,0,2,A,2025/26,1445.1633429758795,1510.76043523311,1.0,1.6,0.8,16.0,7,1.4,1.8,0.8,15.0,7,False,False
2025-10-24,Leeds,West Ham,2,1,H,2025/26,1400.9478041514446,1434.1763712964537,1.2,1.6,0.8,6.0,8,0.4,2.0,0.2,4.0,8,True,False
2025-10-25,Chelsea,Sunderland,1,2,A,2025/26,1612.5416229335497,1517.5343505116177,1.8,1.6,1.4,7.0,8,0.8,0.6,1.6,7.0,8,False,True
2025-10-25,Newcastle,Fulham,2,1,H,2025/26,1574.412185446518,1499.436360409229,1.0,0.8,1.4,7.0,8,1.2,1.6,1.2,7.0,8,False,False
2025-10-25,Man United,Brighton,4,2,H,2025/26,1517.2258865689575,1568.4969669022207,1.4,1.6,1.8,6.0,8,1.8,1.4,1.6,7.0,8,False,False
2025-10-25,Brentford,Liverpool,3,2,H,2025/26,1521.7474069125358,1685.7916574579274,1.6,1.4,1.4,5.0,8,1.2,1.4,1.2,6.0,8,False,False
2025-10-26,Arsenal,Crystal Palace,1,0,H,2025/26,1714.233840949456,1567.7469258862736,1.8,0.4,2.6,8.0,8,1.6,1.4,1.6,8.0,8,False,False
2025-10-26,Aston Villa,Man City,1,0,H,2025/26,1601.6549546679664,1688.7671762610096,1.6,0.8,2.2,7.0,8,2.4,0.4,2.6,8.0,8,False,False
2025-10-26,Bournemouth,Nott'm Forest,2,0,H,2025/26,1546.374583108216,1490.031074446841,2.0,1.4,1.8,8.0,8,0.2,2.0,0.2,8.0,8,False,False
2025-10-26,Wolves,Burnley,2,3,A,2025/26,1418.3766338652354,1391.6113306991992,0.6,1.6,0.4,8.0,8,1.0,1.8,0.8,8.0,8,False,True
2025-10-26,Everton,Tottenham,0,3,A,2025/26,1524.8700521916749,1474.2340251509902,0.8,1.2,1.0,8.0,8,1.8,1.2,1.6,7.0,8,False,False
2025-11-01,Liverpool,Aston Villa,2,0,H,2025/26,1673.9689141850688,1611.2841846274348,1.4,2.0,0.6,7.0,9,1.8,0.8,2.6,6.0,9,False,False
2025-11-01,Tottenham,Chelsea,0,1,A,2025/26,1488.3169911664388,1597.452386989736,1.8,1.2,1.6,6.0,9,1.6,1.6,1.2,7.0,9,False,False
2025-11-01,Nott'm Forest,Man United,2,2,D,2025/26,1484.2500052372911,1525.8324800948187,0.2,1.8,0.2,6.0,9,2.2,1.4,2.4,7.0,9,False,False
2025-11-01,Brighton,Leeds,3,0,H,2025/26,1559.8903733763595,1409.0492841358932,2.0,1.8,1.6,7.0,9,1.6,1.6,1.4,8.0,9,False,True
2025-11-01,Crystal Palace,Brentford,2,0,H,2025/26,1563.8502213738582,1533.5701501853944,1.6,1.6,1.4,6.0,9,1.8,1.4,1.8,7.0,9,False,False
2025-11-01,Burnley,Arsenal,0,2,A,2025/26,1405.106206083165,1718.1305454618714,1.6,2.0,1.4,6.0,9,1.4,0.4,2.6,6.0,9,True,False
2025-11-01,Fulham,Wolves,3,0,H,2025/26,1494.0859608365836,1404.8817584812696,1.2,2.0,0.6,7.0,9,1.0,2.0,0.4,6.0,9,False,False
2025-11-02,West Ham,Newcastle,3,1,H,2025/26,1426.074891312005,1579.7625850191635,0.6,1.8,0.2,9.0,9,1.2,1.0,1.4,8.0,9,False,False
2025-11-02,Man City,Bournemouth,3,1,H,2025/26,1679.1379463015412,1552.155652317766,1.8,0.6,2.0,7.0,9,2.0,1.2,1.8,7.0,9,False,False
2025-11-03,Sunderland,Everton,1,1,D,2025/26,1532.6235864554315,1510.7870861762262,1.2,0.8,2.0,9.0,9,0.8,1.8,0.8,8.0,9,True,False
2025-11-08,Chelsea,Wolves,3,0,H,2025/26,1607.1895097401298,1399.8461794963516,1.6,1.2,1.8,7.0,10,0.8,2.0,0.4,7.0,10,False,False
2025-11-08,Sunderland,Arsenal,2,2,D,2025/26,1529.2538582096286,1722.6672557328982,1.2,0.8,2.0,5.0,10,1.6,0.2,3.0,7.0,10,True,False
2025-11-08,West Ham,Burnley,3,2,H,2025/26,1437.6079644098843,1400.5694958121383,1.0,1.6,0.8,6.0,10,1.4,2.2,1.2,7.0,10,False,True
2025-11-08,Everton,Fulham,2,0,H,2025/26,1514.1568144220291,1499.1215398215015,0.8,1.6,1.0,5.0,10,1.2,1.8,0.6,7.0,10,False,False
2025-11-08,Tottenham,Man United,2,2,D,2025/26,1478.579868416045,1527.4982040299321,1.4,1.0,1.4,7.0,10,2.2,1.6,2.0,7.0,10,False,False
2025-11-09,Aston Villa,Bournemouth,4,0,H,2025/26,1605.651981070051,1547.8945761400796,1.6,1.0,2.4,8.0,10,2.2,1.8,1.6,7.0,10,False,False
2025-11-09,Brentford,Newcastle,3,1,H,2025/26,1527.1535166203275,1568.2295119212843,1.6,1.2,1.8,8.0,10,1.4,1.6,1.2,7.0,10,False,False
2025-11-09,Crystal Palace,Brighton,0,0,D,2025/26,1570.266854938925,1563.7090388410627,1.6,1.4,1.4,8.0,10,2.2,1.4,2.0,8.0,10,False,False
2025-11-09,Nott'm Forest,Leeds,3,1,H,2025/26,1482.5842813021777,1405.23061867119,0.4,2.0,0.2,8.0,10,1.0,2.0,0.8,8.0,10,False,True
2025-11-09,Man City,Liverpool,3,0,H,2025/26,1683.3990224792276,1679.6011177424525,2.2,0.6,2.4,7.0,10,1.4,1.8,0.6,8.0,10,False,False
2025-11-22,Newcastle,Man City,2,1,H,2025/26,1559.9094055822254,1690.4972995683916,1.4,1.8,1.2,13.0,11,1.8,0.4,2.4,13.0,11,False,False
2025-11-22,Wolves,Crystal Palace,0,2,A,2025/26,1396.9333685448485,1567.2925527789819,0.6,2.4,0.2,14.0,11,1.2,1.2,1.0,13.0,11,False,False
2025-11-22,Fulham,Sunderland,1,0,H,2025/26,1492.3166113734342,1531.8795456629584,1.0,1.6,0.6,14.0,11,1.4,1.2,1.6,14.0,11,False,True
2025-11-22,Liverpool,Nott'm Forest,0,3,A,2025/26,1672.5028406532886,1487.8812080259706,1.2,2.0,0.6,13.0,11,1.0,2.0,0.8,13.0,11,False,False
2025-11-22,Bournemouth,West Ham,2,2,D,2025/26,1542.1469011243714,1443.85624803558,1.8,2.2,1.4,13.0,11,1.4,1.8,1.2,14.0,11,False,False
2025-11-22,Burnley,Chelsea,0,2,A,2025/26,1394.3212121864426,1610.102320691633,1.6,1.8,1.2,14.0,11,2.0,0.6,2.4,14.0,11,True,False
2025-11-22,Brighton,Brentford,2,1,H,2025/26,1566.6833410010058,1535.4736229593864,1.6,1.2,1.6,13.0,11,1.6,1.2,1.8,13.0,11,False,False
2025-11-23,Leeds,Aston Villa,1,2,A,2025/26,1399.9336919473972,1611.3996560857593,0.8,2.2,0.6,14.0,11,1.8,0.8,2.4,14.0,11,True,False
2025-11-23,Arsenal,Tottenham,4,1,H,2025/26,1720.0415682795683,1477.120122904868,1.6,0.4,2.6,15.0,11,1.6,1.2,1.4,15.0,11,False,False
2025-11-24,Man United,Everton,0,1,A,2025/26,1528.9579495411092,1520.9617428700965,2.4,1.4,2.2,16.0,11,1.0,1.4,1.4,16.0,11,False,False
2025-11-29,Brentford,Burnley,3,1,H,2025/26,1529.0802886000702,1387.5355458855884,1.8,1.4,1.8,7.0,12,1.4,1.8,1.2,7.0,12,False,True
2025-11-29,Man City,Leeds,3,2,H,2025/26,1679.6191767770322,1393.036217450687,1.8,0.8,1.8,7.0,12,0.8,2.2,0.6,6.0,12,False,True
2025-11-29,Sunderland,Bournemouth,3,2,H,2025/26,1523.6017285325129,1536.9879757912,1.4,1.0,1.6,7.0,12,1.6,2.4,1.0,7.0,12,True,False
2025-11-29,Everton,Newcastle,1,4,A,2025/26,1533.9737361533096,1570.7875283735848,0.8,1.2,1.4,5.0,12,1.4,2.0,1.2,7.0,12,False,False
2025-11-29,Tottenham,Fulham,1,2,A,2025/26,1474.6809560839226,1500.5944285038797,1.4,1.8,0.8,6.0,12,1.0,1.0,1.2,7.0,12,False,False
2025-11-30,Chelsea,Arsenal,1,1,D,2025/26,1616.8879869924872,1722.4807351005136,2.0,0.4,2.4,8.0,12,2.0,0.6,2.6,7.0,12,False,False
2025-11-30,West Ham,Liverpool,0,2,A,2025/26,1449.0151733687514,1655.7564608489045,1.8,1.8,1.4,8.0,12,1.0,2.2,0.6,8.0,12,False,False
2025-11-30,Crystal Palace,Man United,1,2,A,2025/26,1575.294689287686,1515.9459562578961,1.4,0.8,1.6,8.0,12,2.0,1.6,1.6,6.0,12,False,False
2025-11-30,Aston Villa,Wolves,1,0,H,2025/26,1618.2971305824694,1388.9312320361444,1.8,0.8,2.4,7.0,12,0.4,2.6,0.0,8.0,12,False,False
2025-11-30,Nott'm Forest,Brighton,0,2,A,2025/26,1504.6275878303547,1573.076675360322,1.6,1.6,1.4,8.0,12,1.8,1.2,2.0,8.0,12,False,False
2025-12-02,Bournemouth,Everton,0,1,A,2025/26,1529.4305287121465,1522.1748795272156,1.4,2.4,0.8,3.0,13,1.0,1.6,1.4,3.0,13,False,False
2025-12-02,Fulham,Man City,4,5,A,2025/26,1512.695067236205,1681.569116790452,1.4,1.0,1.8,3.0,13,2.0,1.2,1.8,3.0,13,False,False
2025-12-02,Newcastle,Tottenham,2,2,D,2025/26,1582.5863849996788,1462.5803173515974,2.0,1.8,1.8,3.0,13,1.4,1.8,0.8,3.0,13,False,False
2025-12-03,Arsenal,Brentford,2,0,H,2025/26,1722.3197767725321,1533.067028488408,2.0,0.8,2.2,3.0,13,2.0,1.6,1.8,4.0,13,False,False
2025-12-03,Brighton,Aston Villa,3,4,A,2025/26,1583.9822955559098,1620.9084075793323,1.8,1.0,2.0,3.0,13,1.6,0.6,2.4,3.0,13,False,False
2025-12-03,Burnley,Crystal Palace,0,1,A,2025/26,1383.5488059972506,1561.0049174534445,1.2,2.4,0.6,4.0,13,1.0,0.6,1.4,3.0,13,True,False
2025-12-03,Wolves,Nott'm Forest,0,1,A,2025/26,1386.3199550392815,1493.721967634767,0.4,2.4,0.0,3.0,13,1.6,1.4,1.4,3.0,13,False,False
2025-12-03,Leeds,Chelsea,3,1,H,2025/26,1391.0862774372672,1617.0489453204686,1.2,2.4,0.6,4.0,13,1.6,0.6,2.0,3.0,13,True,False
2025-12-03,Liverpool,Sunderland,1,1,D,2025/26,1662.7773458729089,1531.1591756115663,1.2,1.8,1.2,3.0,13,1.6,1.4,1.6,4.0,13,False,True
2025-12-04,Man United,West Ham,1,1,D,2025/26,1530.2357280921376,1441.994288344747,2.0,1.6,1.6,4.0,13,1.8,1.8,1.4,4.0,13,False,False
2025-12-06,Leeds,Liverpool,3,3,D,2025/26,1404.5608564473343,1656.949621973191,1.4,2.4,0.6,3.0,14,1.0,1.4,1.4,3.0,14,True,False
2025-12-06,Tottenham,Brentford,2,0,H,2025/26,1468.1830292531242,1529.8853839563012,1.2,2.2,0.4,4.0,14,1.4,1.6,1.2,3.0,14,False,False
2025-12-06,Newcastle,Burnley,2,1,H,2025/26,1576.983673098152,1375.7419581570423,2.0,2.0,1.4,4.0,14,0.6,2.2,0.0,3.0,14,False,True
2025-12-06,Aston Villa,Arsenal,2,1,H,2025/26,1632.7041358102683,1725.5014213046388,2.2,1.2,2.4,3.0,14,2.2,0.8,2.2,3.0,14,False,False
2025-12-06,Everton,Nott'm Forest,3,0,H,2025/26,1535.1674791461633,1503.5089528139995,1.2,1.0,2.0,4.0,14,1.8,1.0,2.0,3.0,14,False,False
2025-12-06,Bournemouth,Chelsea,0,0,D,2025/26,1516.4379290931988,1603.5743663104015,1.0,2.6,0.2,4.0,14,1.6,0.8,2.0,3.0,14,False,False
2025-12-06,Man City,Sunderland,3,0,H,2025/26,1689.6123275651735,1536.9868995112843,3.0,1.8,2.4,4.0,14,1.4,1.4,1.2,3.0,14,False,True
2025-12-07,Brighton,West Ham,1,1,D,2025/26,1572.1865673249738,1446.9377995063235,2.0,1.0,2.0,4.0,14,1.8,1.6,1.6,3.0,14,False,False
2025-12-07,Fulham,Crystal Palace,1,2,A,2025/26,1504.6518564614835,1568.8117652936528,2.0,1.6,1.8,5.0,14,1.2,0.4,2.0,4.0,14,False,False
2025-12-08,Wolves,Man United,1,4,A,2025/26,1376.532969860049,1525.2922169305612,0.0,2.0,0.0,5.0,14,1.4,1.4,1.2,4.0,14,False,False
2025-12-13,Arsenal,Wolves,2,1,H,2025/26,1715.7087023986858,1367.927232268696,2.0,1.2,1.6,7.0,15,0.2,2.2,0.0,5.0,15,False,False
2025-12-13,Burnley,Fulham,2,3,A,2025/26,1372.7406463287705,1493.6239392145294,0.8,2.2,0.0,7.0,15,1.6,2.0,1.2,6.0,15,True,False
2025-12-13,Liverpool,Brighton,2,0,H,2025/26,1652.8247048226563,1566.4812012017933,1.2,2.0,1.0,7.0,15,1.6,1.2,1.6,6.0,15,False,False
2025-12-13,Chelsea,Everton,2,0,H,2025/26,1603.9444403255893,1541.549581348327,1.4,0.8,1.6,7.0,15,1.6,0.8,2.4,7.0,15,False,False
2025-12-14,Crystal Palace,Man City,0,3,A,2025/26,1579.8396825406069,1693.399359427414,1.2,0.6,2.0,7.0,15,3.0,1.6,2.4,8.0,15,False,False
2025-12-14,Nott'm Forest,Tottenham,3,0,H,2025/26,1497.1268506118358,1477.085177313649,1.4,1.2,1.8,8.0,15,1.6,2.0,1.0,8.0,15,False,False
2025-12-14,Sunderland,Newcastle,1,0,H,2025/26,1533.1998676490437,1579.9849849264237,1.2,1.8,1.0,8.0,15,2.2,1.6,2.0,8.0,15,True,False
2025-12-14,West Ham,Aston Villa,2,3,A,2025/26,1452.643165629504,1642.4968547162214,1.4,1.6,1.2,7.0,15,2.6,1.0,3.0,8.0,15,False,False
2025-12-14,Brentford,Leeds,1,1,D,2025/26,1520.9832358957765,1408.685773597869,1.4,1.6,1.2,8.0,15,2.0,2.4,0.8,8.0,15,False,True
2025-12-15,Man United,Bournemouth,4,4,D,2025/26,1533.8979545219142,1516.067855078011,1.8,1.2,1.6,7.0,15,0.8,2.0,0.4,9.0,15,False,False
2025-12-20,Leeds,Crystal Palace,4,1,H,2025/26,1414.1343698133217,1570.2297633801097,2.0,2.0,1.0,6.0,16,1.2,1.2,1.8,6.0,16,True,False
2025-12-20,Everton,Arsenal,0,1,A,2025/26,1535.9106238611669,1717.1205340737245,1.2,1.2,1.8,7.0,16,2.0,1.0,2.0,7.0,16,False,False
2025-12-20,Tottenham,Liverpool,1,2,A,2025/26,1470.409032785931,1657.922582101595,1.2,2.2,0.8,6.0,16,1.6,1.4,1.6,7.0,16,False,False
2025-12-20,Wolves,Brentford,0,2,A,2025/26,1366.5154005936572,1515.5346396803238,0.4,2.0,0.0,7.0,16,1.0,1.6,0.8,6.0,16,False,False
2025-12-20,Man City,West Ham,3,0,H,2025/26,1703.0092785879112,1445.1732060775655,3.0,1.6,2.4,6.0,16,1.2,1.8,0.6,6.0,16,False,False
2025-12-20,Brighton,Sunderland,0,0,D,2025/26,1561.3833239228545,1541.6800860654519,1.6,1.6,1.4,7.0,16,1.0,1.4,1.4,6.0,16,False,True
2025-12-20,Bournemouth,Burnley,1,1,D,2025/26,1519.3349695802713,1363.3409930024416,1.6,2.0,0.6,5.0,16,0.8,2.2,0.0,7.0,16,False,True
2025-12-20,Newcastle,Chelsea,2,2,D,2025/26,1571.5047665100155,1609.5833978127494,2.0,1.2,2.0,6.0,16,1.2,0.8,1.6,7.0,16,False,False
2025-12-21,Aston Villa,Man United,2,1,H,2025/26,1649.9668142681599,1530.630840019654,2.4,1.4,3.0,7.0,16,2.2,1.6,1.6,6.0,16,False,False
2025-12-22,Fulham,Nott'm Forest,1,0,H,2025/26,1503.0235925408583,1503.8029951395538,2.2,2.0,1.8,9.0,16,1.4,1.0,1.8,8.0,16,False,False
2025-12-26,Man United,Newcastle,1,0,H,2025/26,1526.220304996748,1569.7411597837938,2.4,1.8,1.6,5.0,17,2.0,1.4,1.6,6.0,17,False,False
2025-12-27,West Ham,Fulham,0,1,A,2025/26,1442.9120288017632,1510.2429781378355,0.8,2.0,0.4,7.0,17,2.2,2.0,1.8,5.0,17,False,False
2025-12-27,Chelsea,Aston Villa,1,2,A,2025/26,1611.347004538971,1654.377349291066,1.2,1.2,1.2,7.0,17,2.4,1.4,3.0,6.0,17,False,False
2025-12-27,Liverpool,Wolves,2,1,H,2025/26,1665.4556915083108,1357.9169999367546,2.0,1.0,2.2,7.0,17,0.4,2.0,0.0,7.0,17,False,False
2025-12-27,Burnley,Everton,0,0,D,2025/26,1369.613132048181,1528.2063751498529,1.0,2.0,0.2,7.0,17,1.0,1.4,1.2,7.0,17,True,False
2025-12-27,Arsenal,Brighton,2,1,H,2025/26,1724.8247827850385,1558.0681360269987,1.4,0.8,2.0,7.0,17,1.2,1.4,1.0,7.0,17,False,False
2025-12-27,Nott'm Forest,Man City,1,2,A,2025/26,1496.5836095425766,1705.2704558637136,0.8,1.2,1.2,5.0,17,3.4,1.2,3.0,7.0,17,False,False
2025-12-27,Brentford,Bournemouth,4,1,H,2025/26,1524.1330403372265,1513.062830534532,1.2,1.2,1.4,7.0,17,1.4,1.8,0.6,7.0,17,False,False
2025-12-28,Sunderland,Leeds,1,1,D,2025/26,1544.9952739613077,1425.7350404380427,1.0,1.2,1.6,8.0,17,2.6,1.8,1.6,8.0,17,True,True
2025-12-28,Crystal Palace,Tottenham,0,1,A,2025/26,1558.6290927553887,1462.8759233792152,1.0,2.0,1.2,8.0,17,1.2,1.8,0.8,8.0,17,False,False
2025-12-30,Arsenal,Aston Villa,4,1,H,2025/26,1728.3683728832893,1666.0025285464435,1.6,0.8,2.4,3.0,18,2.6,1.6,3.0,3.0,18,False,False
2025-12-30,West Ham,Brighton,2,2,D,2025/26,1431.974499357109,1554.5245459287478,0.8,1.8,0.4,3.0,18,1.0,1.8,0.4,3.0,18,False,False
2025-12-30,Man United,Wolves,1,1,D,2025/26,1534.6088740143098,1356.1692853081784,2.2,1.6,1.6,4.0,18,0.6,2.2,0.0,3.0,18,False,False
2025-12-30,Chelsea,Bournemouth,2,2,D,2025/26,1599.7218252835935,1506.155058110577,1.2,1.4,1.0,3.0,18,1.2,2.0,0.6,3.0,18,False,False
2025-12-30,Burnley,Newcastle,1,3,A,2025/26,1371.283772808921,1561.352590766232,0.8,1.4,0.4,3.0,18,1.2,1.4,1.0,4.0,18,True,False
2025-12-30,Nott'm Forest,Everton,0,2,A,2025/26,1489.6136668220493,1526.5357343891128,1.0,1.2,1.2,3.0,18,0.8,0.6,1.4,3.0,18,False,False
2026-01-01,Crystal Palace,Fulham,1,1,D,2025/26,1543.5239660050438,1521.1805075824898,0.8,1.8,1.2,4.0,18,2.0,1.8,1.8,5.0,18,False,False
2026-01-01,Liverpool,Leeds,0,0,D,2025/26,1667.203406136887,1431.3230063152828,2.0,1.2,2.2,5.0,18,2.4,1.4,1.8,4.0,18,False,True
2026-01-01,Brentford,Tottenham,0,0,D,2025/26,1531.0408127611813,1477.9810501295601,1.4,1.2,1.4,5.0,18,1.2,1.4,1.4,4.0,18,False,False
2026-01-01,Sunderland,Man City,0,0,D,2025/26,1539.4073080840676,1712.240398584241,0.6,1.0,1.2,4.0,18,3.2,1.0,3.0,5.0,18,True,False
2026-01-03,Aston Villa,Nott'm Forest,3,1,H,2025/26,1660.3628947528812,1477.8178259363024,2.0,1.8,2.4,4.0,19,0.8,1.6,0.6,4.0,19,False,False
2026-01-03,Brighton,Burnley,2,0,H,2025/26,1553.8764132593838,1363.8196079046722,0.8,1.4,0.6,4.0,19,1.0,1.8,0.4,4.0,19,False,True
2026-01-03,Wolves,West Ham,3,0,H,2025/26,1362.817548162808,1432.622632026473,0.8,2.2,0.2,4.0,19,1.0,2.0,0.4,4.0,19,False,False
2026-01-03,Bournemouth,Arsenal,2,3,A,2025/26,1511.2135067459296,1734.0080066768517,1.6,2.2,0.8,4.0,19,2.0,1.0,2.4,4.0,19,False,False
2026-01-04,Man City,Chelsea,1,1,D,2025/26,1710.1742707195247,1594.663376648241,2.2,0.2,2.6,3.0,19,1.4,1.2,1.2,5.0,19,False,False
2026-01-04,Tottenham,Sunderland,1,1,D,2025/26,1482.1219812819836,1541.4734359487838,0.8,1.0,1.4,3.0,19,0.4,0.8,1.2,3.0,19,False,True
2026-01-04,Fulham,Liverpool,2,2,D,2025/26,1524.5631640240586,1659.7307174404687,1.4,1.0,2.0,3.0,19,1.8,1.0,2.2,3.0,19,False,False
2026-01-04,Everton,Brentford,2,4,A,2025/26,1538.3315752748597,1526.8998816087578,1.0,0.6,1.4,5.0,19,1.4,0.8,1.6,3.0,19,False,False
2026-01-04,Leeds,Man United,1,1,D,2025/26,1438.7956950117011,1527.9606111596802,1.8,1.2,1.4,3.0,19,2.2,1.6,1.6,5.0,19,True,False
2026-01-04,Newcastle,Crystal Palace,2,0,H,2025/26,1568.8167556704807,1540.141309563475,1.4,1.2,1.4,5.0,19,0.8,2.0,0.8,3.0,19,False,False
2026-01-06,West Ham,Nott'm Forest,1,2,A,2025/26,1423.4895301136419,1474.5315087123704,0.8,2.4,0.2,3.0,20,1.0,1.6,0.6,3.0,20,False,False
2026-01-07,Bournemouth,Tottenham,3,2,H,2025/26,1504.6076547030093,1480.9573311850374,2.0,2.8,0.6,4.0,20,0.6,1.2,1.0,3.0,20,False,False
2026-01-07,Brentford,Sunderland,3,0,H,2025/26,1540.0015156472518,1542.63808604573,2.2,0.8,2.2,3.0,20,0.6,0.4,1.4,3.0,20,False,True
2026-01-07,Crystal Palace,Aston Villa,0,0,D,2025/26,1533.6843551018096,1663.6492119768131,0.4,2.2,0.2,3.0,20,2.2,1.8,2.4,4.0,20,False,False
2026-01-07,Everton,Wolves,1,1,D,2025/26,1525.2299412363657,1371.950650075639,0.8,1.4,0.8,3.0,20,1.2,1.4,0.8,4.0,20,False,False
2026-01-07,Fulham,Chelsea,2,1,H,2025/26,1525.571924821536,1600.1766772558549,1.6,1.0,2.2,3.0,20,1.6,1.4,1.2,3.0,20,False,False
2026-01-07,Man City,Brighton,1,1,D,2025/26,1704.6609701119107,1557.0456936993276,1.8,0.4,2.2,3.0,20,1.0,1.2,1.0,4.0,20,False,False
2026-01-07,Burnley,Man United,2,2,D,2025/26,1360.6503274647284,1528.2723688806277,0.8,1.8,0.4,4.0,20,1.6,1.6,1.2,3.0,20,True,False
2026-01-07,Newcastle,Leeds,4,3,H,2025/26,1575.273710132146,1438.4839372907536,1.4,1.0,1.4,3.0,20,1.4,0.8,1.4,3.0,20,False,True
2026-01-08,Arsenal,Liverpool,0,0,D,2025/26,1740.613858719772,1658.7219566429912,2.4,1.0,3.0,5.0,20,1.6,0.8,2.2,4.0,20,False,False
2026-01-17,Man United,Man City,2,0,H,2025/26,1526.350259835368,1698.5373358570218,1.2,1.2,1.2,10.0,21,1.4,0.6,1.8,10.0,21,False,False
2026-01-17,Chelsea,Brentford,2,0,H,2025/26,1590.906312305757,1547.2702948423453,1.4,1.8,0.6,10.0,21,2.6,0.6,2.6,10.0,21,False,False
2026-01-17,Leeds,Fulham,1,0,H,2025/26,1434.4091061693675,1534.842289771634,1.8,1.4,1.2,10.0,21,1.4,0.8,2.2,10.0,21,True,False
2026-01-17,Liverpool,Burnley,1,1,D,2025/26,1663.5261321758533,1362.5724365099882,1.2,0.8,1.8,9.0,21,0.8,1.6,0.6,10.0,21,False,True
2026-01-17,Sunderland,Crystal Palace,2,1,H,2025/26,1535.3693068506366,1534.5446809372747,0.4,1.0,0.8,10.0,21,0.4,1.6,0.4,10.0,21,True,False
2026-01-17,Tottenham,West Ham,1,2,A,2025/26,1474.3732557415558,1412.089658185922,1.0,1.2,1.0,10.0,21,0.6,2.2,0.2,11.0,21,False,False
2026-01-17,Nott'm Forest,Arsenal,0,0,D,2025/26,1485.9313806400903,1735.80968318691,0.8,1.8,0.6,11.0,21,2.0,0.8,2.6,9.0,21,False,False
2026-01-18,Wolves,Newcastle,0,0,D,2025/26,1378.1751598130156,1579.3485412535322,1.2,1.2,1.0,11.0,21,2.2,1.4,2.0,11.0,21,False,False
2026-01-18,Aston Villa,Everton,0,1,A,2025/26,1662.788886141348,1519.005431498989,1.6,1.4,2.0,11.0,21,1.0,1.2,1.0,11.0,21,False,False
2026-01-19,Brighton,Bournemouth,1,1,D,2025/26,1563.1693279542164,1511.191730146491,1.2,1.0,1.2,12.0,21,1.8,2.4,1.0,12.0,21,False,False
2026-01-24,Bournemouth,Liverpool,3,2,H,2025/26,1515.3068217561001,1655.3352601133604,1.8,2.4,1.0,5.0,22,1.0,0.8,1.4,7.0,22,False,False
2026-01-24,Man City,Wolves,2,0,H,2025/26,1686.489014856576,1381.0075526738017,0.8,1.0,1.2,7.0,22,1.2,0.8,1.2,6.0,22,False,False
2026-01-24,Fulham,Brighton,2,1,H,2025/26,1524.8298217517806,1559.0542363446073,1.2,1.0,1.6,7.0,22,1.4,1.2,1.2,5.0,22,False,False
2026-01-24,Burnley,Tottenham,2,2,D,2025/26,1370.763308572481,1460.0148069047916,0.8,1.6,0.6,7.0,22,1.0,1.2,1.0,7.0,22,True,False
2026-01-24,West Ham,Sunderland,3,1,H,2025/26,1426.4481070226861,1542.5461493107277,1.0,1.8,0.8,7.0,22,0.8,1.2,1.2,7.0,22,False,True
2026-01-25,Brentford,Nott'm Forest,0,2,A,2025/26,1541.1840022903764,1489.9961571276751,2.2,1.0,2.0,8.0,22,0.8,1.6,0.8,8.0,22,False,False
2026-01-25,Crystal Palace,Chelsea,1,3,A,2025/26,1527.3678384771836,1596.9926048577258,0.4,1.2,0.4,8.0,22,1.4,1.4,1.0,8.0,22,False,False
2026-01-25,Newcastle,Aston Villa,0,2,A,2025/26,1576.5161483927461,1646.7346494132792,1.8,1.0,2.0,7.0,22,1.2,1.4,1.4,7.0,22,False,False
2026-01-25,Arsenal,Man United,2,3,A,2025/26,1731.7449066993252,1538.3985808358138,1.8,0.8,2.2,8.0,22,1.4,0.8,1.8,8.0,22,False,False
2026-01-26,Everton,Leeds,1,1,D,2025/26,1535.059668227058,1444.4215741892208,1.2,1.0,1.6,8.0,22,1.2,1.2,1.2,9.0,22,False,True
2026-01-31,Liverpool,Newcastle,4,1,H,2025/26,1644.1882196781185,1565.6610611973988,1.0,1.2,0.8,7.0,23,1.8,1.2,2.0,6.0,23,False,False
2026-01-31,Wolves,Bournemouth,0,2,A,2025/26,1379.2408570753507,1526.453862191342,1.0,0.8,1.2,7.0,23,2.2,2.0,1.6,7.0,23,False,False
2026-01-31,Chelsea,West Ham,3,2,H,2025/26,1607.8646536639062,1436.9111146397968,1.8,1.2,1.6,6.0,23,1.6,1.8,1.4,7.0,23,False,False
2026-01-31,Brighton,Everton,1,1,D,2025/26,1550.9251117144036,1530.0642116208003,1.4,1.2,1.2,7.0,23,1.4,1.2,1.6,5.0,23,False,False
2026-01-31,Leeds,Arsenal,0,4,A,2025/26,1449.4170307954785,1714.864009632288,1.2,1.2,1.2,5.0,23,1.8,1.2,1.6,6.0,23,True,False
2026-02-01,Aston Villa,Brentford,0,1,A,2025/26,1657.5897366086265,1527.0878099876943,1.2,1.2,1.4,7.0,23,1.4,1.2,1.4,7.0,23,False,False
2026-02-01,Man United,Fulham,3,2,H,2025/26,1555.279477902851,1532.9589463819843,1.8,1.2,1.8,7.0,23,1.4,1.2,1.6,8.0,23,False,False
2026-02-01,Nott'm Forest,Crystal Palace,1,1,D,2025/26,1504.0923494303572,1516.4957896710032,1.0,1.2,1.4,7.0,23,0.6,1.6,0.4,7.0,23,False,False
2026-02-01,Tottenham,Man City,2,2,D,2025/26,1460.3240749929425,1688.255710455027,1.2,1.6,0.6,8.0,23,0.8,0.8,1.2,8.0,23,False,False
2026-02-02,Sunderland,Burnley,3,0,H,2025/26,1532.083141693617,1370.45404048433,0.8,1.6,1.0,9.0,23,1.2,2.0,0.6,9.0,23,True,True
2026-02-06,Leeds,Nott'm Forest,3,1,H,2025/26,1443.8489397002447,1501.6232151346585,1.2,2.0,1.0,6.0,24,1.2,1.0,1.6,5.0,24,True,False
2026-02-07,Fulham,Everton,1,2,A,2025/26,1526.3410184281704,1533.4090248331051,1.6,1.6,1.4,6.0,24,1.2,1.4,1.2,7.0,24,False,False
2026-02-07,Newcastle,Brentford,2,3,A,2025/26,1560.3903977174086,1542.8942775411865,1.4,1.8,1.4,7.0,24,1.6,1.2,1.8,6.0,24,False,False
2026-02-07,Burnley,West Ham,0,2,A,2025/26,1366.8235663463113,1433.437418103196,1.0,2.0,0.6,5.0,24,1.6,2.0,1.2,7.0,24,True,False
2026-02-07,Wolves,Chelsea,1,3,A,2025/26,1370.5914534077385,1611.338350200507,0.8,1.0,1.0,7.0,24,2.0,1.2,2.0,7.0,24,False,False
2026-02-07,Arsenal,Sunderland,3,0,H,2025/26,1720.4321007275216,1535.713615831636,1.8,1.0,1.6,7.0,24,1.4,1.6,1.4,5.0,24,False,True
2026-02-07,Man United,Tottenham,2,0,H,2025/26,1561.897405856665,1463.8483852147926,2.2,1.4,2.2,6.0,24,1.6,2.0,0.6,6.0,24,False,False
2026-02-07,Bournemouth,Aston Villa,1,1,D,2025/26,1535.1032658589543,1641.7832690551343,2.2,1.6,2.0,7.0,24,1.0,0.6,1.4,6.0,24,False,False
2026-02-08,Brighton,Crystal Palace,0,1,A,2025/26,1547.5802985020987,1518.964923966702,1.2,1.0,1.2,8.0,24,0.6,1.6,0.4,7.0,24,False,False
2026-02-08,Liverpool,Man City,1,2,A,2025/26,1649.4588831581086,1684.7314002331768,1.8,1.4,1.2,8.0,24,1.2,1.2,1.2,7.0,24,False,False
2026-02-10,Chelsea,Leeds,2,2,D,2025/26,1617.4952895912782,1452.639534445469,2.4,1.2,2.4,3.0,25,1.6,2.0,1.4,4.0,25,False,True
2026-02-10,Everton,Bournemouth,1,2,A,2025/26,1546.0218069402522,1535.2955081185805,1.2,0.8,1.8,3.0,25,2.0,1.2,2.2,3.0,25,False,False
2026-02-10,Tottenham,Newcastle,1,2,A,2025/26,1459.0022049463187,1547.131872543339,1.4,2.2,0.4,3.0,25,1.4,2.4,0.8,3.0,25,False,False
2026-02-10,West Ham,Man United,1,1,D,2025/26,1444.3954018730224,1566.743586125139,2.0,1.4,1.8,3.0,25,2.4,1.2,2.6,3.0,25,False,False
2026-02-11,Sunderland,Liverpool,0,1,A,2025/26,1532.4615142297848,1637.617135062113,1.2,2.0,1.2,4.0,25,1.6,1.4,1.0,3.0,25,True,False
2026-02-11,Man City,Fulham,3,0,H,2025/26,1696.5731483291725,1513.7282363210234,1.4,1.2,1.6,3.0,25,1.4,1.6,1.2,4.0,25,False,False
2026-02-11,Nott'm Forest,Wolves,0,0,D,2025/26,1492.8326203894342,1364.4345140169673,1.2,1.0,1.6,5.0,25,0.4,1.6,0.4,4.0,25,False,False
2026-02-11,Aston Villa,Brighton,1,0,H,2025/26,1641.591026795508,1534.0387650110022,0.6,0.6,1.0,4.0,25,0.8,1.2,0.6,3.0,25,False,False
2026-02-11,Crystal Palace,Burnley,2,3,A,2025/26,1532.5064574577984,1355.865582576485,0.8,1.2,1.0,3.0,25,1.0,2.0,0.6,4.0,25,False,True
2026-02-12,Brentford,Arsenal,1,1,D,2025/26,1556.1528027152563,1723.6842023293727,1.4,1.2,1.8,5.0,25,1.8,0.6,1.6,5.0,25,False,False
2026-02-18,Wolves,Arsenal,2,2,D,2025/26,1370.2007030509847,1721.7646059056397,0.2,1.4,0.4,7.0,26,2.0,0.8,1.6,6.0,26,False,False
2026-02-21,Aston Villa,Leeds,1,1,D,2025/26,1646.2391762138159,1459.063926353426,0.8,0.6,1.4,10.0,26,1.4,1.6,1.6,11.0,26,False,True
2026-02-21,Brentford,Brighton,0,2,A,2025/26,1558.0723991389893,1529.3906155926943,1.0,1.4,1.4,9.0,26,0.6,1.2,0.4,10.0,26,False,False
2026-02-21,Chelsea,Burnley,1,1,D,2025/26,1611.0708976833212,1372.484857306059,2.6,1.2,2.6,11.0,26,1.2,2.0,1.0,10.0,26,False,True
2026-02-21,West Ham,Bournemouth,0,0,D,2025/26,1445.0377486672464,1548.37878088986,2.0,1.2,2.0,11.0,26,1.8,1.0,2.2,11.0,26,False,False
2026-02-21,Man City,Newcastle,2,1,H,2025/26,1699.8547280460978,1557.4733952993022,1.8,1.0,2.0,10.0,26,1.0,2.0,0.8,11.0,26,False,False
2026-02-22,Tottenham,Arsenal,1,4,A,2025/26,1448.6606821903554,1715.570432724623,1.2,2.0,0.4,12.0,26,2.4,1.2,1.6,4.0,27,False,False
2026-02-22,Crystal Palace,Wolves,1,0,H,2025/26,1515.8871827282244,1376.3948762320013,1.2,1.8,0.8,11.0,26,0.6,1.8,0.4,4.0,27,False,False
2026-02-22,Nott'm Forest,Liverpool,0,1,A,2025/26,1487.0664313554169,1647.4687552570106,0.8,0.8,1.2,11.0,26,1.8,1.4,1.4,11.0,26,False,False
2026-02-22,Sunderland,Fulham,1,3,A,2025/26,1522.6098940348872,1510.446656604098,1.2,1.6,1.2,11.0,26,1.0,2.0,0.6,11.0,26,True,False
2026-02-23,Everton,Man United,0,1,A,2025/26,1532.9385341689726,1566.101239330915,1.2,1.0,1.6,13.0,26,2.2,1.0,2.6,13.0,26,False,False
2026-02-27,Wolves,Aston Villa,2,0,H,2025/26,1372.3702891713976,1639.452947781275,0.6,1.6,0.4,5.0,28,1.0,0.6,1.6,6.0,27,False,False
2026-02-28,Bournemouth,Sunderland,1,1,D,2025/26,1548.282621216497,1509.4892424914538,1.6,0.8,2.2,7.0,27,1.0,2.0,0.6,6.0,27,False,True
2026-02-28,Burnley,Brentford,3,4,A,2025/26,1379.9917349377974,1544.5291940932793,1.2,2.0,1.0,7.0,27,1.0,1.4,1.4,7.0,27,True,False
2026-02-28,Liverpool,West Ham,5,2,H,2025/26,1655.7475426961582,1445.1339083406097,1.8,1.2,1.8,6.0,27,1.6,1.0,1.6,7.0,27,False,False
2026-02-28,Newcastle,Everton,2,3,A,2025/26,1553.5020053563487,1521.0381868857164,1.2,2.4,0.6,7.0,27,1.0,1.2,1.0,5.0,27,False,False
2026-02-28,Leeds,Man City,0,1,A,2025/26,1465.8501547859669,1703.8261179890512,1.4,1.8,1.2,7.0,27,2.2,0.8,2.6,7.0,27,True,False
2026-03-01,Brighton,Nott'm Forest,2,1,H,2025/26,1542.9338206384043,1478.7876439162692,0.8,1.0,0.8,8.0,27,0.8,1.0,1.0,7.0,27,False,False
2026-03-01,Fulham,Tottenham,2,1,H,2025/26,1523.5673081475315,1443.126360250329,1.6,2.0,1.2,7.0,27,1.2,2.4,0.4,7.0,27,False,False
2026-03-01,Man United,Crystal Palace,2,1,H,2025/26,1578.0015866141712,1519.911769788828,2.0,1.0,2.6,6.0,27,1.2,1.4,1.4,7.0,27,False,False
2026-03-01,Arsenal,Chelsea,2,1,H,2025/26,1721.1047546646494,1603.5640200515827,2.8,0.8,2.2,7.0,28,2.4,1.4,2.2,8.0,27,False,False
2026-03-03,Leeds,Sunderland,0,1,A,2025/26,1459.6250329246,1513.28427725759,1.2,1.8,1.0,3.0,28,1.0,1.6,0.8,3.0,28,True,True
2026-03-03,Wolves,Liverpool,2,1,H,2025/26,1386.8399505738669,1658.613816850815,1.0,1.2,1.0,4.0,29,2.4,1.0,2.4,3.0,28,False,False
2026-03-03,Bournemouth,Brentford,0,0,D,2025/26,1544.4875864503608,1552.6927303313569,1.2,0.6,1.8,3.0,28,1.8,1.6,2.0,3.0,28,False,False
2026-03-03,Everton,Burnley,2,0,H,2025/26,1534.676212106776,1371.82819869972,1.4,1.4,1.4,3.0,28,1.4,2.4,0.8,3.0,28,False,True
2026-03-04,Aston Villa,Chelsea,1,4,A,2025/26,1624.9832863788058,1599.1178544514871,0.6,1.0,1.0,5.0,28,2.0,1.6,1.6,3.0,28,False,False
2026-03-04,Brighton,Arsenal,0,1,A,2025/26,1548.5320477776997,1725.550920264745,1.0,0.8,1.4,3.0,28,2.4,1.0,2.2,3.0,29,False,False
2026-03-04,Fulham,West Ham,0,1,A,2025/26,1528.795320153577,1442.2676341859528,1.6,2.0,1.2,3.0,28,1.4,1.8,1.0,4.0,28,False,False
2026-03-04,Man City,Nott'm Forest,2,2,D,2025/26,1710.0512398504181,1473.1894167769738,2.0,0.8,2.6,4.0,28,0.6,1.4,0.4,3.0,28,False,False
2026-03-04,Newcastle,Man United,2,1,H,2025/26,1539.8639801352892,1583.7414272722558,1.6,2.6,0.6,4.0,28,1.8,0.8,2.6,3.0,28,False,False
2026-03-05,Tottenham,Crystal Palace,1,3,A,2025/26,1437.8983482442836,1514.1719291307434,1.0,2.4,0.2,4.0,28,1.2,1.2,1.4,4.0,28,False,False
2026-03-14,Burnley,Bournemouth,0,0,D,2025/26,1368.2185275819056,1541.905325463461,1.4,2.2,0.8,11.0,29,0.8,0.6,1.4,11.0,29,True,False
2026-03-14,Sunderland,Brighton,0,1,A,2025/26,1524.610217873927,1540.713217203308,0.6,1.6,0.8,11.0,29,0.8,0.8,1.2,10.0,29,True,False
2026-03-14,Arsenal,Everton,2,0,H,2025/26,1733.3697508391367,1538.2858832245902,2.0,1.0,2.2,10.0,30,1.6,1.2,1.8,11.0,29,False,False
2026-03-14,Chelsea,Newcastle,0,1,A,2025/26,1612.5899724222315,1548.2625478412049,2.2,1.4,1.6,10.0,29,1.8,2.0,1.2,10.0,29,False,False
2026-03-14,West Ham,Man City,1,1,D,2025/26,1457.1737831346863,1702.5661036119066,1.2,1.2,1.6,10.0,29,2.0,0.8,2.6,10.0,29,False,False
2026-03-15,Liverpool,Tottenham,1,1,D,2025/26,1644.0367611855813,1427.21650661002,1.8,1.2,1.8,12.0,29,0.8,2.6,0.0,10.0,29,False,False
2026-03-15,Nott'm Forest,Fulham,0,0,D,2025/26,1480.6745530154853,1513.8891712048435,0.8,1.6,0.4,11.0,29,1.2,1.6,1.2,11.0,29,False,False
2026-03-15,Crystal Palace,Leeds,0,0,D,2025/26,1524.853770765007,1448.299092308263,1.6,1.2,1.8,10.0,29,1.2,1.2,1.0,12.0,29,False,True
2026-03-15,Man United,Aston Villa,3,1,H,2025/26,1575.3428595663402,1611.5111684080614,1.4,0.8,2.0,11.0,29,0.8,1.6,1.0,11.0,29,False,False
2026-03-16,Brentford,Wolves,2,2,D,2025/26,1555.2749913182568,1401.4170062391006,1.6,1.6,1.6,13.0,29,1.2,0.8,1.6,13.0,30,False,False
2026-03-20,Bournemouth,Man United,2,2,D,2025/26,1539.8156868447568,1583.526031640966,0.6,0.4,1.4,6.0,30,1.6,1.0,2.0,5.0,30,False,False
2026-03-21,Brighton,Liverpool,2,1,H,2025/26,1553.0821016422535,1636.8164179231387,1.0,0.6,1.8,7.0,30,1.8,1.0,2.0,6.0,30,False,False
2026-03-21,Fulham,Burnley,3,1,H,2025/26,1515.788078229688,1370.3081662006098,1.0,1.2,1.4,6.0,30,1.4,1.8,1.0,7.0,30,False,True
2026-03-21,Everton,Chelsea,3,0,H,2025/26,1535.1930219124588,1598.1839945682616,1.2,1.4,1.2,7.0,30,1.6,1.4,1.0,7.0,30,False,False
2026-03-21,Leeds,Brentford,0,0,D,2025/26,1452.984236208943,1549.040289352927,0.6,1.0,0.6,6.0,30,1.4,1.6,1.2,5.0,30,True,False
2026-03-22,Tottenham,Nott'm Forest,0,3,A,2025/26,1434.4368498724625,1478.775645990641,1.0,2.4,0.2,7.0,30,0.6,1.0,0.6,7.0,30,False,False
2026-03-22,Newcastle,Sunderland,1,2,A,2025/26,1562.6685256951748,1512.2413334349815,1.6,1.4,1.8,8.0,30,0.6,1.2,0.8,8.0,30,False,True
2026-03-22,Aston Villa,West Ham,2,0,H,2025/26,1603.3279963334355,1461.1302132923663,0.8,2.0,0.8,7.0,30,1.0,1.4,1.2,8.0,30,False,False
2026-04-10,West Ham,Wolves,4,0,H,2025/26,1457.1554593486173,1407.6517082044304,0.8,1.6,1.0,19.0,31,1.6,1.2,1.6,25.0,31,False,False
2026-04-11,Arsenal,Bournemouth,1,2,A,2025/26,1736.462612151268,1538.2095686660598,2.2,0.8,2.6,28.0,31,0.6,0.6,1.0,22.0,31,False,False
2026-04-11,Brentford,Everton,2,2,D,2025/26,1549.1538003928208,1544.13182710652,1.2,1.4,1.2,21.0,31,1.6,1.0,1.8,21.0,31,False,False
2026-04-11,Burnley,Brighton,0,2,A,2025/26,1366.3932421890504,1562.6142793687036,1.0,2.0,0.4,21.0,31,1.4,0.6,2.4,21.0,31,True,False
2026-04-11,Liverpool,Fulham,2,0,H,2025/26,1627.2842401966886,1519.7030022412473,1.8,1.4,1.4,21.0,31,1.6,0.8,2.0,21.0,31,False,False
2026-04-12,Crystal Palace,Newcastle,2,1,H,2025/26,1520.168626864327,1548.5905696283319,1.4,1.2,1.4,28.0,30,1.4,1.6,1.2,21.0,31,False,False
2026-04-12,Nott'm Forest,Aston Villa,1,1,D,2025/26,1490.3641373927471,1607.3027502771845,1.2,1.0,1.0,21.0,31,1.0,2.0,0.8,21.0,31,False,False
2026-04-12,Sunderland,Tottenham,1,0,H,2025/26,1526.3192895018244,1422.8483584703563,1.0,1.2,1.4,21.0,31,0.8,2.6,0.2,21.0,31,True,False
2026-04-12,Chelsea,Man City,0,3,A,2025/26,1589.2451893742004,1698.6096734542266,1.2,1.6,0.8,22.0,31,1.8,0.8,2.2,29.0,30,False,False
2026-04-13,Man United,Leeds,1,2,A,2025/26,1585.132149819663,1452.8707251690491,1.8,1.2,2.0,24.0,31,0.2,0.6,0.6,23.0,31,False,True
2026-04-18,Chelsea,Man United,0,1,A,2025/26,1579.5146556421705,1569.2922126731162,1.0,2.0,0.6,6.0,32,1.8,1.6,1.4,5.0,32,False,False
2026-04-18,Tottenham,Brighton,2,2,D,2025/26,1418.1158586495915,1569.9135137435076,0.6,2.0,0.2,6.0,32,1.4,0.6,2.4,7.0,32,False,False
2026-04-18,Brentford,Fulham,0,0,D,2025/26,1546.2198455347507,1515.0554479204407,1.6,1.4,1.4,7.0,32,1.0,1.0,1.4,7.0,32,False,False
2026-04-18,Leeds,Wolves,3,0,H,2025/26,1468.710662315596,1401.7074814852372,0.4,0.6,1.0,5.0,32,1.2,1.6,1.4,8.0,32,True,False
2026-04-18,Newcastle,Bournemouth,1,2,A,2025/26,1540.6220910931731,1555.1641056768906,1.4,1.6,1.2,6.0,32,1.0,0.8,1.4,7.0,32,False,False
2026-04-19,Aston Villa,Sunderland,4,3,H,2025/26,1606.8156037098217,1531.0517893225892,1.0,2.0,0.8,7.0,32,1.0,0.6,2.0,7.0,32,False,True
2026-04-19,Everton,Liverpool,1,2,A,2025/26,1547.06578196459,1631.9317945174953,2.0,1.2,2.0,8.0,32,2.0,1.4,1.4,8.0,32,False,False
2026-04-19,Nott'm Forest,Burnley,4,1,H,2025/26,1490.8512839601099,1359.0940078142464,1.4,1.0,1.2,7.0,32,0.8,2.2,0.2,8.0,32,False,True
2026-04-19,Man City,Arsenal,2,1,H,2025/26,1708.3402071862565,1719.5080751404373,1.8,0.8,2.2,7.0,31,2.0,0.8,2.4,8.0,32,False,False
2026-04-20,Crystal Palace,West Ham,0,0,D,2025/26,1528.1371053994858,1463.0996860678106,1.4,0.8,2.0,8.0,31,1.6,1.6,1.4,10.0,32,False,False
2026-04-21,Brighton,Chelsea,3,0,H,2025/26,1568.4336055813328,1566.4445122135717,1.4,0.8,2.0,3.0,33,0.8,1.8,0.6,3.0,33,False,False
2026-04-22,Bournemouth,Leeds,2,2,D,2025/26,1567.5753522689579,1474.2428316499497,1.2,0.8,1.8,4.0,33,1.0,0.4,1.6,4.0,33,False,True
2026-04-22,Burnley,Man City,0,1,A,2025/26,1354.9243751047056,1715.8377078194576,0.4,2.2,0.2,3.0,33,1.8,0.8,2.2,3.0,32,True,False
2026-04-24,Sunderland,Nott'm Forest,0,5,A,2025/26,1525.7191479753242,1495.0209166696507,1.4,1.2,1.8,5.0,33,2.0,0.8,1.8,5.0,33,True,False
2026-04-25,Arsenal,Newcastle,1,0,H,2025/26,1712.010574507236,1528.2108445011058,1.4,1.0,1.8,6.0,33,1.2,1.4,1.2,7.0,33,False,False
2026-04-25,Wolves,Tottenham,0,1,A,2025/26,1396.1753121508834,1419.5957668117662,1.2,2.0,1.4,7.0,33,0.8,2.0,0.4,7.0,33,False,False
2026-04-25,Fulham,Aston Villa,1,0,H,2025/26,1518.660978761304,1612.1482450570868,0.6,0.8,1.0,7.0,33,1.8,2.2,1.4,6.0,33,False,False
2026-04-25,Liverpool,Crystal Palace,3,1,H,2025/26,1642.3671104036714,1523.714674120817,1.4,1.2,1.4,6.0,33,1.2,0.8,1.6,5.0,32,False,False
2026-04-25,West Ham,Everton,2,1,H,2025/26,1467.5221173464793,1536.630466078414,1.2,0.6,1.6,5.0,33,1.6,1.2,1.4,6.0,33,False,False
2026-04-27,Man United,Brentford,2,1,H,2025/26,1582.362356101715,1542.6143146938873,1.6,1.4,1.4,9.0,33,0.8,0.8,1.0,9.0,33,False,False
2026-05-01,Leeds,Burnley,3,1,H,2025/26,1479.2962615934218,1351.2816416186342,1.4,0.6,1.8,9.0,34,0.4,2.0,0.2,9.0,34,True,True
2026-05-02,Arsenal,Fulham,3,0,H,2025/26,1715.2771047167457,1528.4735491695694,1.2,0.8,1.8,7.0,34,0.8,0.6,1.6,7.0,34,False,False
2026-05-02,Brentford,West Ham,3,0,H,2025/26,1536.432844926505,1476.6353198019378,1.0,1.2,0.8,5.0,34,1.4,0.8,1.6,7.0,34,False,False
2026-05-02,Newcastle,Brighton,3,1,H,2025/26,1524.9443142915961,1575.5796325510682,0.8,1.4,0.6,7.0,34,2.0,0.6,2.6,11.0,34,False,False
2026-05-02,Wolves,Sunderland,1,1,D,2025/26,1384.006189314313,1512.1252958870884,0.8,2.2,0.8,7.0,34,1.2,2.2,1.2,8.0,34,False,True
2026-05-03,Aston Villa,Tottenham,1,2,A,2025/26,1602.3356746488214,1431.7648896483367,1.6,1.6,1.4,8.0,34,0.8,1.4,1.0,8.0,34,False,False
2026-05-03,Bournemouth,Crystal Palace,3,0,H,2025/26,1562.5219223254858,1519.290596932717,1.6,1.2,1.8,11.0,34,1.2,1.0,1.6,8.0,33,False,False
2026-05-03,Man United,Liverpool,3,2,H,2025/26,1588.5438258690974,1646.7911875917714,1.8,1.2,2.0,6.0,34,1.8,1.0,2.0,8.0,34,False,False
2026-05-04,Chelsea,Nott'm Forest,1,3,A,2025/26,1559.2984852438362,1508.6147687578864,0.0,2.2,0.0,13.0,34,2.6,0.4,2.2,10.0,34,False,False
2026-05-04,Everton,Man City,3,3,D,2025/26,1527.5172636229554,1719.480441305529,1.4,1.6,0.8,9.0,34,1.8,0.8,2.2,12.0,33,False,False
2026-05-09,Liverpool,Chelsea,1,1,D,2025/26,1637.9871732904921,1545.21437550283,2.0,1.4,1.8,6.0,35,0.2,2.6,0.0,5.0,35,False,False
2026-05-09,Brighton,Wolves,3,0,H,2025/26,1566.9909778503904,1384.8137597802322,2.0,1.2,2.0,7.0,35,0.6,2.2,0.4,7.0,35,False,False
2026-05-09,Fulham,Bournemouth,0,1,A,2025/26,1525.2540020301358,1568.61808321322,0.8,1.2,1.4,7.0,35,2.2,1.2,2.2,6.0,35,False,False
2026-05-09,Sunderland,Man United,0,0,D,2025/26,1511.3177254211691,1597.3478401703767,1.4,2.2,1.4,7.0,35,1.8,1.4,2.0,6.0,35,True,False
2026-05-09,Man City,Brentford,3,0,H,2025/26,1716.893659247551,1542.132538715916,2.0,1.0,2.2,5.0,34,1.2,0.8,1.2,7.0,35,False,False
2026-05-10,Nott'm Forest,Newcastle,1,1,D,2025/26,1522.6988784988926,1533.532968992274,3.2,0.6,2.6,6.0,35,1.2,1.6,0.6,8.0,35,False,False
2026-05-10,West Ham,Arsenal,0,1,A,2025/26,1470.9356260125267,1718.4966518561794,1.2,1.2,1.4,8.0,35,1.6,0.8,1.8,8.0,35,False,False
2026-05-10,Burnley,Aston Villa,2,2,D,2025/26,1347.0404582308115,1585.8157000419126,0.6,2.6,0.0,9.0,35,1.6,1.4,1.4,7.0,35,True,False
2026-05-10,Crystal Palace,Everton,2,2,D,2025/26,1513.194436044983,1530.1040456809333,0.6,1.4,1.0,7.0,34,2.0,1.8,1.0,6.0,35,False,False
2026-05-11,Tottenham,Leeds,1,1,D,2025/26,1448.2848642552456,1483.5374449812446,1.0,1.4,1.4,8.0,35,2.0,0.8,2.2,10.0,35,False,True
2026-05-13,Man City,Crystal Palace,3,0,H,2025/26,1720.3048917364638,1510.847476937203,2.4,0.8,2.6,4.0,35,1.0,1.8,1.0,3.0,35,False,False
2026-05-15,Aston Villa,Liverpool,4,2,H,2025/26,1582.021112123808,1632.9457491631279,1.6,1.8,1.0,5.0,36,2.0,1.2,2.0,6.0,36,False,False
2026-05-17,Wolves,Fulham,1,1,D,2025/26,1381.5216230300314,1513.6381762320314,0.2,2.4,0.2,8.0,36,0.2,1.2,0.8,8.0,36,False,False
2026-05-17,Leeds,Brighton,1,0,H,2025/26,1485.379747421647,1570.2831146005913,2.2,1.0,2.2,6.0,36,2.2,1.0,2.0,8.0,36,True,False
2026-05-17,Newcastle,West Ham,3,1,H,2025/26,1536.0444714477899,1464.9445752734616,1.2,1.4,0.8,7.0,36,1.2,1.0,1.4,7.0,36,False,False
2026-05-17,Brentford,Crystal Palace,2,2,D,2025/26,1538.7213062270034,1507.9648208100855,1.2,1.4,1.0,8.0,36,0.6,2.2,0.4,4.0,36,False,False
2026-05-17,Man United,Nott'm Forest,3,2,H,2025/26,1597.7497092417782,1520.1873760433766,1.4,1.0,2.0,8.0,36,2.8,0.8,2.2,7.0,36,False,False
2026-05-17,Everton,Sunderland,1,3,A,2025/26,1532.4510047887131,1510.9158563497676,1.8,2.2,0.6,7.0,36,1.0,2.0,1.0,8.0,36,False,True
2026-05-18,Arsenal,Burnley,1,0,H,2025/26,1724.4877025952444,1350.835046148916,1.4,0.8,1.8,8.0,36,0.8,2.4,0.2,8.0,36,False,True
2026-05-19,Chelsea,Tottenham,2,1,H,2025/26,1550.2557996301944,1446.4425618148432,0.4,2.2,0.2,10.0,36,1.2,1.0,1.6,8.0,36,False,False
2026-05-19,Bournemouth,Man City,1,1,D,2025/26,1580.2339090113244,1723.1875478635814,2.0,0.8,2.6,10.0,36,2.4,0.8,2.6,6.0,36,False,False
2026-05-24,Brighton,Man United,0,3,A,2025/26,1560.717357366599,1603.0419597311281,1.8,1.2,1.4,7.0,37,1.8,1.0,2.6,7.0,37,False,False
2026-05-24,Burnley,Wolves,1,1,D,2025/26,1349.6065669216696,1382.4433877562224,0.8,2.2,0.2,6.0,37,0.4,1.8,0.4,7.0,37,True,False
2026-05-24,Crystal Palace,Arsenal,1,2,A,2025/26,1511.5601329412043,1725.7161818224909,1.0,2.6,0.4,7.0,37,1.4,0.4,2.4,6.0,37,False,False
2026-05-24,Fulham,Newcastle,2,0,H,2025/26,1512.7164115058404,1541.482763949625,0.4,1.0,1.0,7.0,37,1.6,1.2,1.4,7.0,37,False,False
2026-05-24,Liverpool,Brentford,1,1,D,2025/26,1624.3489321115735,1535.1259940958846,2.0,2.0,1.4,9.0,37,1.2,1.4,1.0,7.0,37,False,False
2026-05-24,Man City,Aston Villa,1,2,A,2025/26,1721.9575032543107,1590.6179291753624,2.2,0.8,2.2,5.0,37,2.2,2.0,1.4,9.0,37,False,False
2026-05-24,Nott'm Forest,Bournemouth,1,1,D,2025/26,1514.8951255540267,1581.463953620595,3.0,1.2,2.0,7.0,37,1.8,0.8,2.2,5.0,37,False,False
2026-05-24,Sunderland,Chelsea,2,1,H,2025/26,1524.2778936400011,1554.9811844612188,1.4,2.2,1.0,7.0,37,0.8,1.8,0.8,5.0,37,True,False
2026-05-24,Tottenham,Everton,1,0,H,2025/26,1441.7171769838187,1519.0889674984796,1.4,1.2,1.6,5.0,37,1.6,2.4,0.4,7.0,37,False,False
2026-05-24,West Ham,Leeds,3,0,H,2025/26,1459.5062827716265,1494.9455046556393,0.6,1.6,0.8,7.0,37,2.0,0.8,2.2,7.0,37,False,True
2026-08-21,Arsenal,Coventry,3,0,H,2026/27,1732.543851385897,1500.0,1.6,0.2,3.0,89.0,0,1.4,1.4,1.35,7.0,0,False,True
2026-08-22,Hull,Man United,2,0,H,2026/27,1500.0,1614.6869088258109,1.4,1.4,1.35,7.0,0,2.2,1.0,2.6,90.0,0,True,False
2026-08-22,Everton,Crystal Palace,2,0,H,2026/27,1509.739340394151,1504.7324633777982,1.4,2.2,0.4,90.0,0,1.0,2.4,0.4,90.0,0,False,False
2026-08-22,Ipswich,Sunderland,2,1,H,2026/27,1376.0976581393977,1532.309407888361,0.6,2.2,0.2,454.0,0,1.2,1.6,1.6,90.0,0,True,False
2026-08-22,Nott'm Forest,Leeds,0,1,A,2026/27,1513.9358578069423,1486.7826169472064,2.4,1.2,1.6,90.0,0,1.4,1.4,1.6,90.0,0,False,False
2026-08-22,Brentford,Tottenham,3,0,H,2026/27,1540.090821453619,1451.0668040881474,1.4,1.6,1.0,90.0,0,1.2,0.8,2.0,90.0,0,False,False
2026-08-23,Brighton,Aston Villa,4,0,H,2026/27,1549.0724082719162,1606.440355278598,1.4,1.4,1.2,91.0,0,1.8,1.6,1.4,91.0,0,False,False
2026-08-23,Man City,Bournemouth,2,1,H,2026/27,1706.1350771510752,1582.4232213676794,2.2,1.2,1.6,91.0,0,1.6,0.8,1.8,91.0,0,False,False
2026-08-23,Newcastle,Liverpool,2,2,D,2026/27,1533.5047797094287,1619.3841047538392,1.4,1.2,1.4,91.0,0,1.8,2.0,1.0,91.0,0,False,False
2026-08-24,Fulham,Chelsea,2,3,A,2026/27,1520.6943957460367,1546.949670212859,0.8,1.0,1.4,92.0,0,1.0,2.0,0.8,92.0,0,False,False
2026-08-28,Crystal Palace,Man City,1,4,A,2026/27,1497.6660211278654,1710.4596228968962,1.0,2.2,0.4,6.0,1,2.0,0.8,2.0,5.0,1,False,False
2026-08-29,Tottenham,Newcastle,0,2,A,2026/27,1446.0273161053774,1533.0985776464618,1.0,1.4,1.4,7.0,1,1.8,1.4,1.6,6.0,1,False,False
2026-08-29,Coventry,Hull,0,1,A,2026/27,1497.4299760945414,1510.4224716014357,0.0,3.0,0.0,8.0,1,2.0,0.0,3.0,7.0,1,True,True
2026-08-29,Bournemouth,Everton,1,1,D,2026/27,1578.0986756218583,1516.8057826440838,1.4,0.8,1.6,6.0,1,1.6,1.8,1.0,7.0,1,False,False
2026-08-29,Liverpool,Nott'm Forest,2,2,D,2026/27,1619.7903068168062,1500.4311843073826,1.6,2.2,0.6,6.0,1,1.4,1.4,1.0,7.0,1,False,False
2026-08-30,Chelsea,Brighton,4,3,H,2026/27,1559.0409032640453,1557.8514806391404,1.6,1.8,1.4,6.0,1,1.6,1.4,1.2,7.0,1,False,False
2026-08-30,Leeds,Brentford,1,1,D,2026/27,1500.287290446766,1545.1303094363889,1.2,1.0,2.0,8.0,1,1.8,1.2,1.6,8.0,1,False,False
2026-08-30,Sunderland,Fulham,1,0,H,2026/27,1520.705474244837,1508.6031626948504,1.4,1.0,1.6,8.0,1,1.0,1.6,0.8,6.0,1,False,False
2026-08-30,Man United,Ipswich,5,2,H,2026/27,1604.2644372243751,1387.7015917829217,1.8,1.2,2.0,8.0,1,1.0,1.8,0.8,8.0,1,False,True
2026-08-31,Aston Villa,Arsenal,0,1,A,2026/27,1597.6612829113737,1735.1138752913555,1.8,2.2,1.4,8.0,1,2.0,0.2,3.0,10.0,1,False,False
2026-09-04,Ipswich,Liverpool,0,2,A,2026/27,1384.91838678947,1614.2003837501643,1.0,2.4,0.6,5.0,2,1.6,2.0,0.8,6.0,2,True,False
2026-09-05,Brentford,Sunderland,1,1,D,2026/27,1546.7046510852988,1527.5864056032667,1.4,1.4,1.2,6.0,2,1.4,0.8,2.0,6.0,2,False,False
2026-09-05,Newcastle,Bournemouth,2,2,D,2026/27,1543.4705249862318,1573.7633535468606,1.6,1.2,1.6,7.0,2,1.0,1.0,1.2,7.0,2,False,False
2026-09-05,Brighton,Leeds,1,1,D,2026/27,1550.6842981569323,1498.7129487978561,2.0,1.6,1.2,6.0,2,0.8,1.0,1.6,6.0,2,False,False
2026-09-05,Fulham,Crystal Palace,2,3,A,2026/27,1501.7222313364207,1490.8030398470974,1.0,1.2,0.8,6.0,2,0.8,2.6,0.2,8.0,2,False,False
2026-09-05,Man City,Coventry,1,0,H,2026/27,1717.3226041776643,1484.97676918021,2.2,1.0,2.0,8.0,2,0.0,2.0,0.0,7.0,2,False,True
2026-09-05,Nott'm Forest,Tottenham,0,0,D,2026/27,1506.0211073740245,1435.6553687656074,1.2,1.6,0.6,7.0,2,0.6,1.6,0.8,7.0,2,False,False
2026-09-05,Hull,Aston Villa,0,0,D,2026/27,1522.875678515767,1588.7350990568505,1.5,0.0,3.0,7.0,2,1.6,2.0,1.4,5.0,2,True,False
2026-09-06,Everton,Man United,2,2,D,2026/27,1521.1411047190816,1607.0476422178267,1.2,1.4,1.0,8.0,2,2.2,1.2,2.0,7.0,2,False,False
2026-09-06,Arsenal,Chelsea,2,1,H,2026/27,1744.0400591458788,1566.2080857462533,1.6,0.2,3.0,6.0,2,2.2,1.8,2.0,7.0,2,False,False
2026-09-12,Liverpool,Fulham,0,0,D,2026/27,1620.642081252282,1488.6339353233273,1.8,1.8,1.2,8.0,3,1.4,1.6,0.8,7.0,3,False,False
2026-09-12,Crystal Palace,Ipswich,2,3,A,2026/27,1503.8913358601908,1378.4766892873524,1.4,2.4,0.8,7.0,3,1.0,2.6,0.6,8.0,3,False,True
2026-09-12,Tottenham,Everton,0,0,D,2026/27,1440.200326525406,1520.7356846036544,0.4,1.4,0.8,7.0,3,1.2,1.4,1.0,6.0,3,False,False
2026-09-12,Bournemouth,Brentford,2,2,D,2026/27,1575.743192919343,1543.4044584662938,1.2,1.4,0.8,7.0,3,1.6,1.0,1.4,7.0,3,False,False
2026-09-12,Aston Villa,Nott'm Forest,1,2,A,2026/27,1589.7145933151087,1501.476149614226,1.2,1.6,1.4,7.0,3,1.0,1.4,0.6,7.0,3,False,False
2026-09-12,Chelsea,Hull,2,2,D,2026/27,1562.8465785217159,1521.8961842575088,2.2,2.0,1.8,6.0,3,1.0,0.0,2.3333333333333335,7.0,3,False,True
2026-09-12,Sunderland,Arsenal,0,2,A,2026/27,1530.8865982222717,1747.4015663704163,1.6,1.0,2.0,7.0,3,1.8,0.4,3.0,6.0,3,False,False
2026-09-13,Man United,Man City,0,1,A,2026/27,1607.453062333254,1719.8951822230756,2.6,1.6,2.0,7.0,3,1.8,1.0,2.0,8.0,3,False,False
2026-09-13,Coventry,Brighton,0,5,A,2026/27,1482.4041911347988,1546.5693559383556,0.0,1.6666666666666667,0.0,8.0,3,1.6,1.8,0.8,8.0,3,True,False
2026-09-14,Leeds,Newcastle,4,1,H,2026/27,1502.827891016433,1541.4906856137493,0.8,1.0,1.6,9.0,3,1.8,1.4,1.6,9.0,3,False,False
